ISO-10303-21;
HEADER;
FILE_DESCRIPTION(('Open CASCADE Model'),'2;1');
FILE_NAME('Open CASCADE Shape Model','2026-10-10T22:34:18',('Author'),(
    'Open CASCADE'),'Open CASCADE STEP processor 7.9','Open CASCADE 7.9'
  ,'Unknown');
FILE_SCHEMA(('AUTOMOTIVE_DESIGN { 1 0 10303 214 1 1 1 1 }'));
ENDSEC;
DATA;
#1 = APPLICATION_PROTOCOL_DEFINITION('international standard',
  'automotive_design',2000,#2);
#2 = APPLICATION_CONTEXT(
  'core data for automotive mechanical design processes');
#3 = SHAPE_DEFINITION_REPRESENTATION(#4,#10);
#4 = PRODUCT_DEFINITION_SHAPE('','',#5);
#5 = PRODUCT_DEFINITION('design','',#6,#9);
#6 = PRODUCT_DEFINITION_FORMATION('','',#7);
#7 = PRODUCT('broom','broom','',(#8));
#8 = PRODUCT_CONTEXT('',#2,'mechanical');
#9 = PRODUCT_DEFINITION_CONTEXT('part definition',#2,'design');
#10 = SHAPE_REPRESENTATION('',(#11,#15,#19,#23,#27,#31),#35);
#11 = AXIS2_PLACEMENT_3D('',#12,#13,#14);
#12 = CARTESIAN_POINT('',(0.,0.,0.));
#13 = DIRECTION('',(0.,0.,1.));
#14 = DIRECTION('',(1.,0.,-0.));
#15 = AXIS2_PLACEMENT_3D('',#16,#17,#18);
#16 = CARTESIAN_POINT('',(0.,0.,0.));
#17 = DIRECTION('',(0.,0.,1.));
#18 = DIRECTION('',(1.,0.,-0.));
#19 = AXIS2_PLACEMENT_3D('',#20,#21,#22);
#20 = CARTESIAN_POINT('',(0.,0.,0.));
#21 = DIRECTION('',(0.,0.,1.));
#22 = DIRECTION('',(1.,0.,-0.));
#23 = AXIS2_PLACEMENT_3D('',#24,#25,#26);
#24 = CARTESIAN_POINT('',(0.,0.,0.));
#25 = DIRECTION('',(0.,0.,1.));
#26 = DIRECTION('',(1.,0.,-0.));
#27 = AXIS2_PLACEMENT_3D('',#28,#29,#30);
#28 = CARTESIAN_POINT('',(0.,0.,0.));
#29 = DIRECTION('',(0.,0.,1.));
#30 = DIRECTION('',(1.,0.,-0.));
#31 = AXIS2_PLACEMENT_3D('',#32,#33,#34);
#32 = CARTESIAN_POINT('',(0.,0.,0.));
#33 = DIRECTION('',(0.,0.,1.));
#34 = DIRECTION('',(1.,0.,-0.));
#35 = ( GEOMETRIC_REPRESENTATION_CONTEXT(3) 
GLOBAL_UNCERTAINTY_ASSIGNED_CONTEXT((#39)) GLOBAL_UNIT_ASSIGNED_CONTEXT(
(#36,#37,#38)) REPRESENTATION_CONTEXT('Context #1',
  '3D Context with UNIT and UNCERTAINTY') );
#36 = ( LENGTH_UNIT() NAMED_UNIT(*) SI_UNIT(.MILLI.,.METRE.) );
#37 = ( NAMED_UNIT(*) PLANE_ANGLE_UNIT() SI_UNIT($,.RADIAN.) );
#38 = ( NAMED_UNIT(*) SI_UNIT($,.STERADIAN.) SOLID_ANGLE_UNIT() );
#39 = UNCERTAINTY_MEASURE_WITH_UNIT(LENGTH_MEASURE(1.E-07),#36,
  'distance_accuracy_value','confusion accuracy');
#40 = PRODUCT_RELATED_PRODUCT_CATEGORY('part',$,(#7));
#41 = SHAPE_DEFINITION_REPRESENTATION(#42,#48);
#42 = PRODUCT_DEFINITION_SHAPE('','',#43);
#43 = PRODUCT_DEFINITION('design','',#44,#47);
#44 = PRODUCT_DEFINITION_FORMATION('','',#45);
#45 = PRODUCT('grip','grip','',(#46));
#46 = PRODUCT_CONTEXT('',#2,'mechanical');
#47 = PRODUCT_DEFINITION_CONTEXT('part definition',#2,'design');
#48 = ADVANCED_BREP_SHAPE_REPRESENTATION('',(#11,#49),#889);
#49 = MANIFOLD_SOLID_BREP('',#50);
#50 = CLOSED_SHELL('',(#51,#318,#429,#726,#730,#824,#874));
#51 = ADVANCED_FACE('',(#52),#67,.T.);
#52 = FACE_BOUND('',#53,.T.);
#53 = EDGE_LOOP('',(#54,#89,#115,#158,#181,#208,#209,#247,#273,#296));
#54 = ORIENTED_EDGE('',*,*,#55,.F.);
#55 = EDGE_CURVE('',#56,#58,#60,.T.);
#56 = VERTEX_POINT('',#57);
#57 = CARTESIAN_POINT('',(10.392304845413,20.,6.));
#58 = VERTEX_POINT('',#59);
#59 = CARTESIAN_POINT('',(7.347880794884E-16,20.,12.));
#60 = SURFACE_CURVE('',#61,(#66,#78),.PCURVE_S1.);
#61 = CIRCLE('',#62,12.);
#62 = AXIS2_PLACEMENT_3D('',#63,#64,#65);
#63 = CARTESIAN_POINT('',(0.,20.,0.));
#64 = DIRECTION('',(0.,-1.,0.));
#65 = DIRECTION('',(1.,0.,0.));
#66 = PCURVE('',#67,#72);
#67 = CYLINDRICAL_SURFACE('',#68,12.);
#68 = AXIS2_PLACEMENT_3D('',#69,#70,#71);
#69 = CARTESIAN_POINT('',(0.,20.,0.));
#70 = DIRECTION('',(0.,-1.,0.));
#71 = DIRECTION('',(1.,0.,0.));
#72 = DEFINITIONAL_REPRESENTATION('',(#73),#77);
#73 = LINE('',#74,#75);
#74 = CARTESIAN_POINT('',(0.,0.));
#75 = VECTOR('',#76,1.);
#76 = DIRECTION('',(1.,0.));
#77 = ( GEOMETRIC_REPRESENTATION_CONTEXT(2) 
PARAMETRIC_REPRESENTATION_CONTEXT() REPRESENTATION_CONTEXT('2D SPACE',''
  ) );
#78 = PCURVE('',#79,#84);
#79 = SPHERICAL_SURFACE('',#80,12.);
#80 = AXIS2_PLACEMENT_3D('',#81,#82,#83);
#81 = CARTESIAN_POINT('',(0.,20.,0.));
#82 = DIRECTION('',(0.,0.,1.));
#83 = DIRECTION('',(1.,0.,0.));
#84 = DEFINITIONAL_REPRESENTATION('',(#85),#88);
#85 = B_SPLINE_CURVE_WITH_KNOTS('',1,(#86,#87),.UNSPECIFIED.,.F.,.F.,(2,
    2),(0.,1.570796326795),.PIECEWISE_BEZIER_KNOTS.);
#86 = CARTESIAN_POINT('',(6.28318530718,0.));
#87 = CARTESIAN_POINT('',(6.28318530718,1.570796326795));
#88 = ( GEOMETRIC_REPRESENTATION_CONTEXT(2) 
PARAMETRIC_REPRESENTATION_CONTEXT() REPRESENTATION_CONTEXT('2D SPACE',''
  ) );
#89 = ORIENTED_EDGE('',*,*,#90,.F.);
#90 = EDGE_CURVE('',#91,#56,#93,.T.);
#91 = VERTEX_POINT('',#92);
#92 = CARTESIAN_POINT('',(10.392304845413,28.995472835678,6.));
#93 = SURFACE_CURVE('',#94,(#98,#104),.PCURVE_S1.);
#94 = LINE('',#95,#96);
#95 = CARTESIAN_POINT('',(10.392304845413,20.,6.));
#96 = VECTOR('',#97,1.);
#97 = DIRECTION('',(0.,-1.,0.));
#98 = PCURVE('',#67,#99);
#99 = DEFINITIONAL_REPRESENTATION('',(#100),#103);
#100 = B_SPLINE_CURVE_WITH_KNOTS('',1,(#101,#102),.UNSPECIFIED.,.F.,.F.,
  (2,2),(-12.4,5.999999999062E-07),.PIECEWISE_BEZIER_KNOTS.);
#101 = CARTESIAN_POINT('',(0.523598775598,-12.4));
#102 = CARTESIAN_POINT('',(0.523598775598,5.999999999062E-07));
#103 = ( GEOMETRIC_REPRESENTATION_CONTEXT(2) 
PARAMETRIC_REPRESENTATION_CONTEXT() REPRESENTATION_CONTEXT('2D SPACE',''
  ) );
#104 = PCURVE('',#105,#110);
#105 = PLANE('',#106);
#106 = AXIS2_PLACEMENT_3D('',#107,#108,#109);
#107 = CARTESIAN_POINT('',(10.,12.,6.));
#108 = DIRECTION('',(0.,0.,1.));
#109 = DIRECTION('',(1.,0.,-0.));
#110 = DEFINITIONAL_REPRESENTATION('',(#111),#114);
#111 = B_SPLINE_CURVE_WITH_KNOTS('',1,(#112,#113),.UNSPECIFIED.,.F.,.F.,
  (2,2),(-12.4,5.999999999062E-07),.PIECEWISE_BEZIER_KNOTS.);
#112 = CARTESIAN_POINT('',(0.392304845413,20.4));
#113 = CARTESIAN_POINT('',(0.392304845413,7.9999994));
#114 = ( GEOMETRIC_REPRESENTATION_CONTEXT(2) 
PARAMETRIC_REPRESENTATION_CONTEXT() REPRESENTATION_CONTEXT('2D SPACE',''
  ) );
#115 = ORIENTED_EDGE('',*,*,#116,.F.);
#116 = EDGE_CURVE('',#117,#91,#119,.T.);
#117 = VERTEX_POINT('',#118);
#118 = CARTESIAN_POINT('',(12.,28.881943016134,0.));
#119 = SURFACE_CURVE('',#120,(#129,#141),.PCURVE_S1.);
#120 = B_SPLINE_CURVE_WITH_KNOTS('',7,(#121,#122,#123,#124,#125,#126,
    #127,#128),.UNSPECIFIED.,.F.,.F.,(8,8),(0.,1.),
  .PIECEWISE_BEZIER_KNOTS.);
#121 = CARTESIAN_POINT('',(12.,28.881943016134,-2.801843788527E-15));
#122 = CARTESIAN_POINT('',(12.,28.881943016134,0.878390919911));
#123 = CARTESIAN_POINT('',(11.924986577834,28.890830293682,
    1.756233273403));
#124 = CARTESIAN_POINT('',(11.775125546055,28.908581898548,
    2.630088612901));
#125 = CARTESIAN_POINT('',(11.549403264898,28.933200315571,
    3.496333494897));
#126 = CARTESIAN_POINT('',(11.245766379414,28.960667146323,
    4.350699147998));
#127 = CARTESIAN_POINT('',(10.8612804529,28.984647526936,5.187710528627)
  );
#128 = CARTESIAN_POINT('',(10.392304499003,28.995472843674,6.0000006));
#129 = PCURVE('',#67,#130);
#130 = DEFINITIONAL_REPRESENTATION('',(#131),#140);
#131 = B_SPLINE_CURVE_WITH_KNOTS('',7,(#132,#133,#134,#135,#136,#137,
    #138,#139),.UNSPECIFIED.,.F.,.F.,(8,8),(0.,1.),
  .PIECEWISE_BEZIER_KNOTS.);
#132 = CARTESIAN_POINT('',(0.,-8.881943016134));
#133 = CARTESIAN_POINT('',(7.319924332593E-02,-8.881943016134));
#134 = CARTESIAN_POINT('',(0.146352756597,-8.890830293682));
#135 = CARTESIAN_POINT('',(0.219814722393,-8.908581898548));
#136 = CARTESIAN_POINT('',(0.293919873862,-8.933200315571));
#137 = CARTESIAN_POINT('',(0.369009832226,-8.960667146323));
#138 = CARTESIAN_POINT('',(0.445436182167,-8.984647526936));
#139 = CARTESIAN_POINT('',(0.523598833333,-8.995472843674));
#140 = ( GEOMETRIC_REPRESENTATION_CONTEXT(2) 
PARAMETRIC_REPRESENTATION_CONTEXT() REPRESENTATION_CONTEXT('2D SPACE',''
  ) );
#141 = PCURVE('',#142,#147);
#142 = CYLINDRICAL_SURFACE('',#143,17.);
#143 = AXIS2_PLACEMENT_3D('',#144,#145,#146);
#144 = CARTESIAN_POINT('',(10.,12.,-6.));
#145 = DIRECTION('',(-0.,-0.,-1.));
#146 = DIRECTION('',(1.,0.,0.));
#147 = DEFINITIONAL_REPRESENTATION('',(#148),#157);
#148 = B_SPLINE_CURVE_WITH_KNOTS('',7,(#149,#150,#151,#152,#153,#154,
    #155,#156),.UNSPECIFIED.,.F.,.F.,(8,8),(0.,0.999999894478),
  .PIECEWISE_BEZIER_KNOTS.);
#149 = CARTESIAN_POINT('',(-7.736061481949,-6.));
#150 = CARTESIAN_POINT('',(-7.736061481949,-6.878390827222));
#151 = CARTESIAN_POINT('',(-7.74050487398,-7.75623308814));
#152 = CARTESIAN_POINT('',(-7.749381972338,-8.630088336269));
#153 = CARTESIAN_POINT('',(-7.762737598149,-9.496333129267));
#154 = CARTESIAN_POINT('',(-7.780665298918,-10.35069869722));
#155 = CARTESIAN_POINT('',(-7.803308666478,-11.18770999869));
#156 = CARTESIAN_POINT('',(-7.830902829668,-12.));
#157 = ( GEOMETRIC_REPRESENTATION_CONTEXT(2) 
PARAMETRIC_REPRESENTATION_CONTEXT() REPRESENTATION_CONTEXT('2D SPACE',''
  ) );
#158 = ORIENTED_EDGE('',*,*,#159,.T.);
#159 = EDGE_CURVE('',#117,#160,#162,.T.);
#160 = VERTEX_POINT('',#161);
#161 = CARTESIAN_POINT('',(12.,85.,0.));
#162 = SEAM_CURVE('',#163,(#167,#174),.PCURVE_S1.);
#163 = LINE('',#164,#165);
#164 = CARTESIAN_POINT('',(12.,20.,0.));
#165 = VECTOR('',#166,1.);
#166 = DIRECTION('',(-0.,1.,-0.));
#167 = PCURVE('',#67,#168);
#168 = DEFINITIONAL_REPRESENTATION('',(#169),#173);
#169 = LINE('',#170,#171);
#170 = CARTESIAN_POINT('',(6.28318530718,0.));
#171 = VECTOR('',#172,1.);
#172 = DIRECTION('',(0.,-1.));
#173 = ( GEOMETRIC_REPRESENTATION_CONTEXT(2) 
PARAMETRIC_REPRESENTATION_CONTEXT() REPRESENTATION_CONTEXT('2D SPACE',''
  ) );
#174 = PCURVE('',#67,#175);
#175 = DEFINITIONAL_REPRESENTATION('',(#176),#180);
#176 = LINE('',#177,#178);
#177 = CARTESIAN_POINT('',(0.,0.));
#178 = VECTOR('',#179,1.);
#179 = DIRECTION('',(0.,-1.));
#180 = ( GEOMETRIC_REPRESENTATION_CONTEXT(2) 
PARAMETRIC_REPRESENTATION_CONTEXT() REPRESENTATION_CONTEXT('2D SPACE',''
  ) );
#181 = ORIENTED_EDGE('',*,*,#182,.T.);
#182 = EDGE_CURVE('',#160,#160,#183,.T.);
#183 = SURFACE_CURVE('',#184,(#189,#196),.PCURVE_S1.);
#184 = CIRCLE('',#185,12.);
#185 = AXIS2_PLACEMENT_3D('',#186,#187,#188);
#186 = CARTESIAN_POINT('',(0.,85.,0.));
#187 = DIRECTION('',(0.,-1.,0.));
#188 = DIRECTION('',(1.,0.,0.));
#189 = PCURVE('',#67,#190);
#190 = DEFINITIONAL_REPRESENTATION('',(#191),#195);
#191 = LINE('',#192,#193);
#192 = CARTESIAN_POINT('',(0.,-65.));
#193 = VECTOR('',#194,1.);
#194 = DIRECTION('',(1.,0.));
#195 = ( GEOMETRIC_REPRESENTATION_CONTEXT(2) 
PARAMETRIC_REPRESENTATION_CONTEXT() REPRESENTATION_CONTEXT('2D SPACE',''
  ) );
#196 = PCURVE('',#197,#202);
#197 = PLANE('',#198);
#198 = AXIS2_PLACEMENT_3D('',#199,#200,#201);
#199 = CARTESIAN_POINT('',(-6.837200662697E-16,85.,-3.40453421458E-17));
#200 = DIRECTION('',(-0.,-1.,-0.));
#201 = DIRECTION('',(0.,0.,-1.));
#202 = DEFINITIONAL_REPRESENTATION('',(#203),#207);
#203 = CIRCLE('',#204,12.);
#204 = AXIS2_PLACEMENT_2D('',#205,#206);
#205 = CARTESIAN_POINT('',(-3.40453421458E-17,6.837200662697E-16));
#206 = DIRECTION('',(0.,1.));
#207 = ( GEOMETRIC_REPRESENTATION_CONTEXT(2) 
PARAMETRIC_REPRESENTATION_CONTEXT() REPRESENTATION_CONTEXT('2D SPACE',''
  ) );
#208 = ORIENTED_EDGE('',*,*,#159,.F.);
#209 = ORIENTED_EDGE('',*,*,#210,.F.);
#210 = EDGE_CURVE('',#211,#117,#213,.T.);
#211 = VERTEX_POINT('',#212);
#212 = CARTESIAN_POINT('',(10.392304845413,28.995472835678,-6.));
#213 = SURFACE_CURVE('',#214,(#223,#235),.PCURVE_S1.);
#214 = B_SPLINE_CURVE_WITH_KNOTS('',7,(#215,#216,#217,#218,#219,#220,
    #221,#222),.UNSPECIFIED.,.F.,.F.,(8,8),(0.,1.),
  .PIECEWISE_BEZIER_KNOTS.);
#215 = CARTESIAN_POINT('',(10.392304499003,28.995472843674,-6.0000006));
#216 = CARTESIAN_POINT('',(10.861280392051,28.984647528341,
    -5.187710634022));
#217 = CARTESIAN_POINT('',(11.245766351118,28.960667151039,
    -4.350699241602));
#218 = CARTESIAN_POINT('',(11.549403271385,28.933200314788,
    -3.496333517423));
#219 = CARTESIAN_POINT('',(11.775125563124,28.908581896971,
    -2.630088567742));
#220 = CARTESIAN_POINT('',(11.924986586714,28.890830292465,
    -1.756233201651));
#221 = CARTESIAN_POINT('',(12.,28.881943016134,-0.878390867023));
#222 = CARTESIAN_POINT('',(12.,28.881943016134,-2.6645352591E-15));
#223 = PCURVE('',#67,#224);
#224 = DEFINITIONAL_REPRESENTATION('',(#225),#234);
#225 = B_SPLINE_CURVE_WITH_KNOTS('',7,(#226,#227,#228,#229,#230,#231,
    #232,#233),.UNSPECIFIED.,.F.,.F.,(8,8),(0.,1.),
  .PIECEWISE_BEZIER_KNOTS.);
#226 = CARTESIAN_POINT('',(5.759586473846,-8.995472843674));
#227 = CARTESIAN_POINT('',(5.837749114871,-8.984647528341));
#228 = CARTESIAN_POINT('',(5.914175467021,-8.960667151039));
#229 = CARTESIAN_POINT('',(5.989265431657,-8.933200314788));
#230 = CARTESIAN_POINT('',(6.063370588686,-8.908581896971));
#231 = CARTESIAN_POINT('',(6.136832556554,-8.890830292465));
#232 = CARTESIAN_POINT('',(6.209986068261,-8.881943016134));
#233 = CARTESIAN_POINT('',(6.28318530718,-8.881943016134));
#234 = ( GEOMETRIC_REPRESENTATION_CONTEXT(2) 
PARAMETRIC_REPRESENTATION_CONTEXT() REPRESENTATION_CONTEXT('2D SPACE',''
  ) );
#235 = PCURVE('',#142,#236);
#236 = DEFINITIONAL_REPRESENTATION('',(#237),#246);
#237 = B_SPLINE_CURVE_WITH_KNOTS('',7,(#238,#239,#240,#241,#242,#243,
    #244,#245),.UNSPECIFIED.,.F.,.F.,(8,8),(1.055217819685E-07,1.),
  .PIECEWISE_BEZIER_KNOTS.);
#238 = CARTESIAN_POINT('',(-7.830902829668,1.270059452026E-15));
#239 = CARTESIAN_POINT('',(-7.803308670058,-0.812289895916));
#240 = CARTESIAN_POINT('',(-7.780665300583,-1.649301209169));
#241 = CARTESIAN_POINT('',(-7.762737597792,-2.503666848206));
#242 = CARTESIAN_POINT('',(-7.749381971308,-3.369911708892));
#243 = CARTESIAN_POINT('',(-7.740504873461,-4.243766983611));
#244 = CARTESIAN_POINT('',(-7.736061481949,-5.121609225667));
#245 = CARTESIAN_POINT('',(-7.736061481949,-6.));
#246 = ( GEOMETRIC_REPRESENTATION_CONTEXT(2) 
PARAMETRIC_REPRESENTATION_CONTEXT() REPRESENTATION_CONTEXT('2D SPACE',''
  ) );
#247 = ORIENTED_EDGE('',*,*,#248,.T.);
#248 = EDGE_CURVE('',#211,#249,#251,.T.);
#249 = VERTEX_POINT('',#250);
#250 = CARTESIAN_POINT('',(10.392304845413,20.,-6.));
#251 = SURFACE_CURVE('',#252,(#256,#262),.PCURVE_S1.);
#252 = LINE('',#253,#254);
#253 = CARTESIAN_POINT('',(10.392304845413,20.,-6.));
#254 = VECTOR('',#255,1.);
#255 = DIRECTION('',(0.,-1.,0.));
#256 = PCURVE('',#67,#257);
#257 = DEFINITIONAL_REPRESENTATION('',(#258),#261);
#258 = B_SPLINE_CURVE_WITH_KNOTS('',1,(#259,#260),.UNSPECIFIED.,.F.,.F.,
  (2,2),(-12.4,5.999999999062E-07),.PIECEWISE_BEZIER_KNOTS.);
#259 = CARTESIAN_POINT('',(5.759586531581,-12.4));
#260 = CARTESIAN_POINT('',(5.759586531581,5.999999999062E-07));
#261 = ( GEOMETRIC_REPRESENTATION_CONTEXT(2) 
PARAMETRIC_REPRESENTATION_CONTEXT() REPRESENTATION_CONTEXT('2D SPACE',''
  ) );
#262 = PCURVE('',#263,#268);
#263 = PLANE('',#264);
#264 = AXIS2_PLACEMENT_3D('',#265,#266,#267);
#265 = CARTESIAN_POINT('',(10.,12.,-6.));
#266 = DIRECTION('',(0.,0.,1.));
#267 = DIRECTION('',(1.,0.,-0.));
#268 = DEFINITIONAL_REPRESENTATION('',(#269),#272);
#269 = B_SPLINE_CURVE_WITH_KNOTS('',1,(#270,#271),.UNSPECIFIED.,.F.,.F.,
  (2,2),(-12.4,5.999999999062E-07),.PIECEWISE_BEZIER_KNOTS.);
#270 = CARTESIAN_POINT('',(0.392304845413,20.4));
#271 = CARTESIAN_POINT('',(0.392304845413,7.9999994));
#272 = ( GEOMETRIC_REPRESENTATION_CONTEXT(2) 
PARAMETRIC_REPRESENTATION_CONTEXT() REPRESENTATION_CONTEXT('2D SPACE',''
  ) );
#273 = ORIENTED_EDGE('',*,*,#274,.F.);
#274 = EDGE_CURVE('',#275,#249,#277,.T.);
#275 = VERTEX_POINT('',#276);
#276 = CARTESIAN_POINT('',(7.347880794884E-16,20.,-12.));
#277 = SURFACE_CURVE('',#278,(#283,#290),.PCURVE_S1.);
#278 = CIRCLE('',#279,12.);
#279 = AXIS2_PLACEMENT_3D('',#280,#281,#282);
#280 = CARTESIAN_POINT('',(0.,20.,0.));
#281 = DIRECTION('',(0.,-1.,0.));
#282 = DIRECTION('',(1.,0.,0.));
#283 = PCURVE('',#67,#284);
#284 = DEFINITIONAL_REPRESENTATION('',(#285),#289);
#285 = LINE('',#286,#287);
#286 = CARTESIAN_POINT('',(0.,0.));
#287 = VECTOR('',#288,1.);
#288 = DIRECTION('',(1.,0.));
#289 = ( GEOMETRIC_REPRESENTATION_CONTEXT(2) 
PARAMETRIC_REPRESENTATION_CONTEXT() REPRESENTATION_CONTEXT('2D SPACE',''
  ) );
#290 = PCURVE('',#79,#291);
#291 = DEFINITIONAL_REPRESENTATION('',(#292),#295);
#292 = B_SPLINE_CURVE_WITH_KNOTS('',1,(#293,#294),.UNSPECIFIED.,.F.,.F.,
  (2,2),(4.712388980385,6.28318530718),.PIECEWISE_BEZIER_KNOTS.);
#293 = CARTESIAN_POINT('',(6.28318530718,-1.570796326795));
#294 = CARTESIAN_POINT('',(6.28318530718,0.));
#295 = ( GEOMETRIC_REPRESENTATION_CONTEXT(2) 
PARAMETRIC_REPRESENTATION_CONTEXT() REPRESENTATION_CONTEXT('2D SPACE',''
  ) );
#296 = ORIENTED_EDGE('',*,*,#297,.F.);
#297 = EDGE_CURVE('',#58,#275,#298,.T.);
#298 = SURFACE_CURVE('',#299,(#304,#311),.PCURVE_S1.);
#299 = CIRCLE('',#300,12.);
#300 = AXIS2_PLACEMENT_3D('',#301,#302,#303);
#301 = CARTESIAN_POINT('',(0.,20.,0.));
#302 = DIRECTION('',(0.,-1.,0.));
#303 = DIRECTION('',(1.,0.,0.));
#304 = PCURVE('',#67,#305);
#305 = DEFINITIONAL_REPRESENTATION('',(#306),#310);
#306 = LINE('',#307,#308);
#307 = CARTESIAN_POINT('',(0.,0.));
#308 = VECTOR('',#309,1.);
#309 = DIRECTION('',(1.,0.));
#310 = ( GEOMETRIC_REPRESENTATION_CONTEXT(2) 
PARAMETRIC_REPRESENTATION_CONTEXT() REPRESENTATION_CONTEXT('2D SPACE',''
  ) );
#311 = PCURVE('',#79,#312);
#312 = DEFINITIONAL_REPRESENTATION('',(#313),#317);
#313 = LINE('',#314,#315);
#314 = CARTESIAN_POINT('',(3.14159265359,3.14159265359));
#315 = VECTOR('',#316,1.);
#316 = DIRECTION('',(0.,-1.));
#317 = ( GEOMETRIC_REPRESENTATION_CONTEXT(2) 
PARAMETRIC_REPRESENTATION_CONTEXT() REPRESENTATION_CONTEXT('2D SPACE',''
  ) );
#318 = ADVANCED_FACE('',(#319),#105,.T.);
#319 = FACE_BOUND('',#320,.T.);
#320 = EDGE_LOOP('',(#321,#347,#373,#374,#398));
#321 = ORIENTED_EDGE('',*,*,#322,.F.);
#322 = EDGE_CURVE('',#323,#325,#327,.T.);
#323 = VERTEX_POINT('',#324);
#324 = CARTESIAN_POINT('',(-6.997059539984,12.31617557502,6.));
#325 = VERTEX_POINT('',#326);
#326 = CARTESIAN_POINT('',(4.192842428599,10.491053035749,6.));
#327 = SURFACE_CURVE('',#328,(#333,#340),.PCURVE_S1.);
#328 = CIRCLE('',#329,10.392304845413);
#329 = AXIS2_PLACEMENT_3D('',#330,#331,#332);
#330 = CARTESIAN_POINT('',(0.,20.,6.));
#331 = DIRECTION('',(0.,0.,1.));
#332 = DIRECTION('',(1.,0.,-0.));
#333 = PCURVE('',#105,#334);
#334 = DEFINITIONAL_REPRESENTATION('',(#335),#339);
#335 = CIRCLE('',#336,10.392304845413);
#336 = AXIS2_PLACEMENT_2D('',#337,#338);
#337 = CARTESIAN_POINT('',(-10.,8.));
#338 = DIRECTION('',(1.,0.));
#339 = ( GEOMETRIC_REPRESENTATION_CONTEXT(2) 
PARAMETRIC_REPRESENTATION_CONTEXT() REPRESENTATION_CONTEXT('2D SPACE',''
  ) );
#340 = PCURVE('',#79,#341);
#341 = DEFINITIONAL_REPRESENTATION('',(#342),#346);
#342 = LINE('',#343,#344);
#343 = CARTESIAN_POINT('',(0.,0.523598775598));
#344 = VECTOR('',#345,1.);
#345 = DIRECTION('',(1.,0.));
#346 = ( GEOMETRIC_REPRESENTATION_CONTEXT(2) 
PARAMETRIC_REPRESENTATION_CONTEXT() REPRESENTATION_CONTEXT('2D SPACE',''
  ) );
#347 = ORIENTED_EDGE('',*,*,#348,.F.);
#348 = EDGE_CURVE('',#91,#323,#349,.T.);
#349 = SURFACE_CURVE('',#350,(#355,#366),.PCURVE_S1.);
#350 = CIRCLE('',#351,17.);
#351 = AXIS2_PLACEMENT_3D('',#352,#353,#354);
#352 = CARTESIAN_POINT('',(10.,12.,6.));
#353 = DIRECTION('',(0.,0.,-1.));
#354 = DIRECTION('',(2.307675561254E-02,0.999733696216,0.));
#355 = PCURVE('',#105,#356);
#356 = DEFINITIONAL_REPRESENTATION('',(#357),#365);
#357 = ( BOUNDED_CURVE() B_SPLINE_CURVE(2,(#358,#359,#360,#361,#362,#363
,#364),.UNSPECIFIED.,.T.,.F.) B_SPLINE_CURVE_WITH_KNOTS((1,2,2,2,2,1),(
    -2.094395102393,0.,2.094395102393,4.188790204786,6.28318530718,
8.377580409573),.UNSPECIFIED.) CURVE() GEOMETRIC_REPRESENTATION_ITEM() 
RATIONAL_B_SPLINE_CURVE((1.,0.5,1.,0.5,1.,0.5,1.)) REPRESENTATION_ITEM(
  '') );
#358 = CARTESIAN_POINT('',(0.392304845413,16.995472835678));
#359 = CARTESIAN_POINT('',(29.829327295464,16.315980911367));
#360 = CARTESIAN_POINT('',(14.522358802319,-8.837482379995));
#361 = CARTESIAN_POINT('',(-0.784609690827,-33.99094567135));
#362 = CARTESIAN_POINT('',(-14.91466364773,-8.157990455683));
#363 = CARTESIAN_POINT('',(-29.04471760463,17.674964759989));
#364 = CARTESIAN_POINT('',(0.392304845413,16.995472835678));
#365 = ( GEOMETRIC_REPRESENTATION_CONTEXT(2) 
PARAMETRIC_REPRESENTATION_CONTEXT() REPRESENTATION_CONTEXT('2D SPACE',''
  ) );
#366 = PCURVE('',#142,#367);
#367 = DEFINITIONAL_REPRESENTATION('',(#368),#372);
#368 = LINE('',#369,#370);
#369 = CARTESIAN_POINT('',(-7.830902829668,-12.));
#370 = VECTOR('',#371,1.);
#371 = DIRECTION('',(1.,-0.));
#372 = ( GEOMETRIC_REPRESENTATION_CONTEXT(2) 
PARAMETRIC_REPRESENTATION_CONTEXT() REPRESENTATION_CONTEXT('2D SPACE',''
  ) );
#373 = ORIENTED_EDGE('',*,*,#90,.T.);
#374 = ORIENTED_EDGE('',*,*,#375,.F.);
#375 = EDGE_CURVE('',#376,#56,#378,.T.);
#376 = VERTEX_POINT('',#377);
#377 = CARTESIAN_POINT('',(10.19740147384,17.9967518423,6.));
#378 = SURFACE_CURVE('',#379,(#384,#391),.PCURVE_S1.);
#379 = CIRCLE('',#380,10.392304845413);
#380 = AXIS2_PLACEMENT_3D('',#381,#382,#383);
#381 = CARTESIAN_POINT('',(0.,20.,6.));
#382 = DIRECTION('',(0.,0.,1.));
#383 = DIRECTION('',(1.,0.,-0.));
#384 = PCURVE('',#105,#385);
#385 = DEFINITIONAL_REPRESENTATION('',(#386),#390);
#386 = CIRCLE('',#387,10.392304845413);
#387 = AXIS2_PLACEMENT_2D('',#388,#389);
#388 = CARTESIAN_POINT('',(-10.,8.));
#389 = DIRECTION('',(1.,0.));
#390 = ( GEOMETRIC_REPRESENTATION_CONTEXT(2) 
PARAMETRIC_REPRESENTATION_CONTEXT() REPRESENTATION_CONTEXT('2D SPACE',''
  ) );
#391 = PCURVE('',#79,#392);
#392 = DEFINITIONAL_REPRESENTATION('',(#393),#397);
#393 = LINE('',#394,#395);
#394 = CARTESIAN_POINT('',(0.,0.523598775598));
#395 = VECTOR('',#396,1.);
#396 = DIRECTION('',(1.,0.));
#397 = ( GEOMETRIC_REPRESENTATION_CONTEXT(2) 
PARAMETRIC_REPRESENTATION_CONTEXT() REPRESENTATION_CONTEXT('2D SPACE',''
  ) );
#398 = ORIENTED_EDGE('',*,*,#399,.T.);
#399 = EDGE_CURVE('',#376,#325,#400,.T.);
#400 = SURFACE_CURVE('',#401,(#406,#417),.PCURVE_S1.);
#401 = CIRCLE('',#402,6.);
#402 = AXIS2_PLACEMENT_3D('',#403,#404,#405);
#403 = CARTESIAN_POINT('',(10.,12.,6.));
#404 = DIRECTION('',(0.,0.,-1.));
#405 = DIRECTION('',(3.290024563996E-02,0.999458640383,0.));
#406 = PCURVE('',#105,#407);
#407 = DEFINITIONAL_REPRESENTATION('',(#408),#416);
#408 = ( BOUNDED_CURVE() B_SPLINE_CURVE(2,(#409,#410,#411,#412,#413,#414
,#415),.UNSPECIFIED.,.T.,.F.) B_SPLINE_CURVE_WITH_KNOTS((1,2,2,2,2,1),(
    -2.094395102393,0.,2.094395102393,4.188790204786,6.28318530718,
8.377580409573),.UNSPECIFIED.) CURVE() GEOMETRIC_REPRESENTATION_ITEM() 
RATIONAL_B_SPLINE_CURVE((1.,0.5,1.,0.5,1.,0.5,1.)) REPRESENTATION_ITEM(
  '') );
#409 = CARTESIAN_POINT('',(0.19740147384,5.9967518423));
#410 = CARTESIAN_POINT('',(10.584080345085,5.65484246012));
#411 = CARTESIAN_POINT('',(5.094638698703,-3.16933061224));
#412 = CARTESIAN_POINT('',(-0.394802947679,-11.9935036846));
#413 = CARTESIAN_POINT('',(-5.292040172543,-2.82742123006));
#414 = CARTESIAN_POINT('',(-10.1892773974,6.338661224479));
#415 = CARTESIAN_POINT('',(0.19740147384,5.9967518423));
#416 = ( GEOMETRIC_REPRESENTATION_CONTEXT(2) 
PARAMETRIC_REPRESENTATION_CONTEXT() REPRESENTATION_CONTEXT('2D SPACE',''
  ) );
#417 = PCURVE('',#418,#423);
#418 = CYLINDRICAL_SURFACE('',#419,6.);
#419 = AXIS2_PLACEMENT_3D('',#420,#421,#422);
#420 = CARTESIAN_POINT('',(10.,12.,-6.));
#421 = DIRECTION('',(-0.,-0.,-1.));
#422 = DIRECTION('',(1.,0.,0.));
#423 = DEFINITIONAL_REPRESENTATION('',(#424),#428);
#424 = LINE('',#425,#426);
#425 = CARTESIAN_POINT('',(-7.821075450094,-12.));
#426 = VECTOR('',#427,1.);
#427 = DIRECTION('',(1.,-0.));
#428 = ( GEOMETRIC_REPRESENTATION_CONTEXT(2) 
PARAMETRIC_REPRESENTATION_CONTEXT() REPRESENTATION_CONTEXT('2D SPACE',''
  ) );
#429 = ADVANCED_FACE('',(#430),#418,.F.);
#430 = FACE_BOUND('',#431,.T.);
#431 = EDGE_LOOP('',(#432,#458,#560,#561));
#432 = ORIENTED_EDGE('',*,*,#433,.F.);
#433 = EDGE_CURVE('',#434,#436,#438,.T.);
#434 = VERTEX_POINT('',#435);
#435 = CARTESIAN_POINT('',(4.192842428599,10.491053035749,-6.));
#436 = VERTEX_POINT('',#437);
#437 = CARTESIAN_POINT('',(10.19740147384,17.9967518423,-6.));
#438 = SURFACE_CURVE('',#439,(#444,#451),.PCURVE_S1.);
#439 = CIRCLE('',#440,6.);
#440 = AXIS2_PLACEMENT_3D('',#441,#442,#443);
#441 = CARTESIAN_POINT('',(10.,12.,-6.));
#442 = DIRECTION('',(0.,0.,1.));
#443 = DIRECTION('',(-0.967859595233,-0.251491160708,0.));
#444 = PCURVE('',#418,#445);
#445 = DEFINITIONAL_REPRESENTATION('',(#446),#450);
#446 = LINE('',#447,#448);
#447 = CARTESIAN_POINT('',(-3.395813279818,0.));
#448 = VECTOR('',#449,1.);
#449 = DIRECTION('',(-1.,0.));
#450 = ( GEOMETRIC_REPRESENTATION_CONTEXT(2) 
PARAMETRIC_REPRESENTATION_CONTEXT() REPRESENTATION_CONTEXT('2D SPACE',''
  ) );
#451 = PCURVE('',#263,#452);
#452 = DEFINITIONAL_REPRESENTATION('',(#453),#457);
#453 = CIRCLE('',#454,6.);
#454 = AXIS2_PLACEMENT_2D('',#455,#456);
#455 = CARTESIAN_POINT('',(8.171241461241E-14,0.));
#456 = DIRECTION('',(-0.967859595233,-0.251491160708));
#457 = ( GEOMETRIC_REPRESENTATION_CONTEXT(2) 
PARAMETRIC_REPRESENTATION_CONTEXT() REPRESENTATION_CONTEXT('2D SPACE',''
  ) );
#458 = ORIENTED_EDGE('',*,*,#459,.F.);
#459 = EDGE_CURVE('',#325,#434,#460,.T.);
#460 = SURFACE_CURVE('',#461,(#492,#526),.PCURVE_S1.);
#461 = B_SPLINE_CURVE_WITH_KNOTS('',8,(#462,#463,#464,#465,#466,#467,
    #468,#469,#470,#471,#472,#473,#474,#475,#476,#477,#478,#479,#480,
    #481,#482,#483,#484,#485,#486,#487,#488,#489,#490,#491),
  .UNSPECIFIED.,.F.,.F.,(9,7,7,7,9),(0.,9.021487386209E-02,
    0.516349340415,0.908917366641,1.),.UNSPECIFIED.);
#462 = CARTESIAN_POINT('',(4.192842340338,10.491053375422,6.0000006));
#463 = CARTESIAN_POINT('',(4.211655646691,10.41865065798,5.872108145611)
  );
#464 = CARTESIAN_POINT('',(4.230940608868,10.34867102156,5.743544856614)
  );
#465 = CARTESIAN_POINT('',(4.250596511958,10.281061088197,5.614350212158
    ));
#466 = CARTESIAN_POINT('',(4.270529669845,10.215770362457,5.484560807954
    ));
#467 = CARTESIAN_POINT('',(4.29065285585,10.152750938146,5.354210394967)
  );
#468 = CARTESIAN_POINT('',(4.310884733366,10.091957205029,5.223329918108
    ));
#469 = CARTESIAN_POINT('',(4.331149286498,10.033345555542,5.091947554918
    ));
#470 = CARTESIAN_POINT('',(4.446913603715,9.710128308127,4.337247117697)
  );
#471 = CARTESIAN_POINT('',(4.54154829045,9.49125434114,3.704054906048));
#472 = CARTESIAN_POINT('',(4.627846395624,9.315602076293,3.062799373968)
  );
#473 = CARTESIAN_POINT('',(4.700645009546,9.180122356163,2.415486535798)
  );
#474 = CARTESIAN_POINT('',(4.756103851818,9.082373494766,1.763946026687)
  );
#475 = CARTESIAN_POINT('',(4.791878729574,9.020814119538,1.109800236872)
  );
#476 = CARTESIAN_POINT('',(4.806900381507,8.994698333452,0.454481540953)
  );
#477 = CARTESIAN_POINT('',(4.79631576596,9.01306616724,-0.804456288653)
  );
#478 = CARTESIAN_POINT('',(4.773820300072,9.052143601851,-1.40760746574)
  );
#479 = CARTESIAN_POINT('',(4.73412101846,9.121583471409,-2.009270331846)
  );
#480 = CARTESIAN_POINT('',(4.678367194145,9.222165942483,-2.60830108001)
  );
#481 = CARTESIAN_POINT('',(4.608646552951,9.355250301004,-3.203404788081
    ));
#482 = CARTESIAN_POINT('',(4.528120322794,9.52282796726,-3.793129146292)
  );
#483 = CARTESIAN_POINT('',(4.440954138288,9.72737158285,-4.37587764444)
  );
#484 = CARTESIAN_POINT('',(4.332526217354,10.029367513179,-5.08301981603
    ));
#485 = CARTESIAN_POINT('',(4.312063158122,10.08841981941,-5.215706898615
    ));
#486 = CARTESIAN_POINT('',(4.291629652676,10.149694625377,-5.3478837105)
  );
#487 = CARTESIAN_POINT('',(4.271303741077,10.21323673212,-5.479521339365
    ));
#488 = CARTESIAN_POINT('',(4.251168977616,10.279093019104,-5.61058800635
    ));
#489 = CARTESIAN_POINT('',(4.231315026428,10.347312751028,
    -5.741049025614));
#490 = CARTESIAN_POINT('',(4.211838257111,10.417947884615,
    -5.870866763882));
#491 = CARTESIAN_POINT('',(4.192842340338,10.491053375422,-6.0000006));
#492 = PCURVE('',#418,#493);
#493 = DEFINITIONAL_REPRESENTATION('',(#494),#525);
#494 = B_SPLINE_CURVE_WITH_KNOTS('',8,(#495,#496,#497,#498,#499,#500,
    #501,#502,#503,#504,#505,#506,#507,#508,#509,#510,#511,#512,#513,
    #514,#515,#516,#517,#518,#519,#520,#521,#522,#523,#524),
  .UNSPECIFIED.,.F.,.F.,(9,7,7,7,9),(5.290472768577E-08,
    9.021487386209E-02,0.516349340415,0.908917366641,0.9999999471),
  .UNSPECIFIED.);
#495 = CARTESIAN_POINT('',(-3.395813279818,-12.));
#496 = CARTESIAN_POINT('',(-3.408281111825,-11.87210761785));
#497 = CARTESIAN_POINT('',(-3.420377851433,-11.74354440203));
#498 = CARTESIAN_POINT('',(-3.432110825472,-11.61434983159));
#499 = CARTESIAN_POINT('',(-3.443486480654,-11.48456050218));
#500 = CARTESIAN_POINT('',(-3.454510501645,-11.35421016471));
#501 = CARTESIAN_POINT('',(-3.465187929132,-11.22332976401));
#502 = CARTESIAN_POINT('',(-3.475523277889,-11.09194747759));
#503 = CARTESIAN_POINT('',(-3.532743792376,-10.33724711769));
#504 = CARTESIAN_POINT('',(-3.572404819022,-9.704054906047));
#505 = CARTESIAN_POINT('',(-3.604975578075,-9.062799373968));
#506 = CARTESIAN_POINT('',(-3.630591516049,-8.415486535797));
#507 = CARTESIAN_POINT('',(-3.649323688239,-7.763946026687));
#508 = CARTESIAN_POINT('',(-3.661189641106,-7.109800236872));
#509 = CARTESIAN_POINT('',(-3.666211059717,-6.454481540953));
#510 = CARTESIAN_POINT('',(-3.66267783879,-5.195543711347));
#511 = CARTESIAN_POINT('',(-3.655162810883,-4.592392534261));
#512 = CARTESIAN_POINT('',(-3.641832003176,-3.990729668152));
#513 = CARTESIAN_POINT('',(-3.622666763716,-3.391698919993));
#514 = CARTESIAN_POINT('',(-3.597644025522,-2.796595211917));
#515 = CARTESIAN_POINT('',(-3.566697765071,-2.206870853708));
#516 = CARTESIAN_POINT('',(-3.529703318357,-1.62412235556));
#517 = CARTESIAN_POINT('',(-3.476224835288,-0.916980261315));
#518 = CARTESIAN_POINT('',(-3.465809276116,-0.784293255513));
#519 = CARTESIAN_POINT('',(-3.455045187218,-0.652116519802));
#520 = CARTESIAN_POINT('',(-3.443927943683,-0.520478966452));
#521 = CARTESIAN_POINT('',(-3.432452376293,-0.389412374263));
#522 = CARTESIAN_POINT('',(-3.42061264798,-0.258951429011));
#523 = CARTESIAN_POINT('',(-3.408402130285,-0.129133763898));
#524 = CARTESIAN_POINT('',(-3.395813279818,-2.15727247916E-17));
#525 = ( GEOMETRIC_REPRESENTATION_CONTEXT(2) 
PARAMETRIC_REPRESENTATION_CONTEXT() REPRESENTATION_CONTEXT('2D SPACE',''
  ) );
#526 = PCURVE('',#79,#527);
#527 = DEFINITIONAL_REPRESENTATION('',(#528),#559);
#528 = B_SPLINE_CURVE_WITH_KNOTS('',8,(#529,#530,#531,#532,#533,#534,
    #535,#536,#537,#538,#539,#540,#541,#542,#543,#544,#545,#546,#547,
    #548,#549,#550,#551,#552,#553,#554,#555,#556,#557,#558),
  .UNSPECIFIED.,.F.,.F.,(9,7,7,7,9),(0.,9.021487386209E-02,
    0.516349340415,0.908917366641,1.),.UNSPECIFIED.);
#529 = CARTESIAN_POINT('',(5.127680246614,0.523598833333));
#530 = CARTESIAN_POINT('',(5.126525816414,0.511292375762));
#531 = CARTESIAN_POINT('',(5.125525723238,0.499021298448));
#532 = CARTESIAN_POINT('',(5.124663774173,0.486785551484));
#533 = CARTESIAN_POINT('',(5.123925528509,0.474584855889));
#534 = CARTESIAN_POINT('',(5.123298087564,0.462418718571));
#535 = CARTESIAN_POINT('',(5.122769884524,0.450286447284));
#536 = CARTESIAN_POINT('',(5.122330474265,0.438187165591));
#537 = CARTESIAN_POINT('',(5.120269131578,0.369119154619));
#538 = CARTESIAN_POINT('',(5.120337267026,0.312856784882));
#539 = CARTESIAN_POINT('',(5.12117136432,0.25718341691));
#540 = CARTESIAN_POINT('',(5.122260401736,0.201969162162));
#541 = CARTESIAN_POINT('',(5.123241297454,0.147094921331));
#542 = CARTESIAN_POINT('',(5.123918970669,9.244081878084E-02));
#543 = CARTESIAN_POINT('',(5.124195387591,3.788032706847E-02));
#544 = CARTESIAN_POINT('',(5.123999537339,-6.704584897361E-02));
#545 = CARTESIAN_POINT('',(5.12358452828,-0.117363899321));
#546 = CARTESIAN_POINT('',(5.122865379426,-0.167800403556));
#547 = CARTESIAN_POINT('',(5.121945029495,-0.218454666349));
#548 = CARTESIAN_POINT('',(5.12100399259,-0.269421307962));
#549 = CARTESIAN_POINT('',(5.120345982516,-0.320794851105));
#550 = CARTESIAN_POINT('',(5.120398598638,-0.372677016778));
#551 = CARTESIAN_POINT('',(5.1223007931,-0.437365147793));
#552 = CARTESIAN_POINT('',(5.122739262961,-0.449579930919));
#553 = CARTESIAN_POINT('',(5.123267741612,-0.461828305011));
#554 = CARTESIAN_POINT('',(5.123896936041,-0.47411117812));
#555 = CARTESIAN_POINT('',(5.124638713784,-0.486429267972));
#556 = CARTESIAN_POINT('',(5.125506322742,-0.498783086395));
#557 = CARTESIAN_POINT('',(5.126514610994,-0.511172923745));
#558 = CARTESIAN_POINT('',(5.127680246614,-0.523598833333));
#559 = ( GEOMETRIC_REPRESENTATION_CONTEXT(2) 
PARAMETRIC_REPRESENTATION_CONTEXT() REPRESENTATION_CONTEXT('2D SPACE',''
  ) );
#560 = ORIENTED_EDGE('',*,*,#399,.F.);
#561 = ORIENTED_EDGE('',*,*,#562,.F.);
#562 = EDGE_CURVE('',#436,#376,#563,.T.);
#563 = SURFACE_CURVE('',#564,(#616,#671),.PCURVE_S1.);
#564 = B_SPLINE_CURVE_WITH_KNOTS('',8,(#565,#566,#567,#568,#569,#570,
    #571,#572,#573,#574,#575,#576,#577,#578,#579,#580,#581,#582,#583,
    #584,#585,#586,#587,#588,#589,#590,#591,#592,#593,#594,#595,#596,
    #597,#598,#599,#600,#601,#602,#603,#604,#605,#606,#607,#608,#609,
    #610,#611,#612,#613,#614,#615),.UNSPECIFIED.,.F.,.F.,(9,7,7,7,7,7,7,
    9),(0.,8.990604808579E-02,0.154674286332,0.217527630231,
    0.300037175649,0.490284650491,0.908622839729,1.),.UNSPECIFIED.);
#565 = CARTESIAN_POINT('',(10.197401123077,17.996751853846,-6.0000006));
#566 = CARTESIAN_POINT('',(10.271955961565,17.994297657107,
    -5.872470286286));
#567 = CARTESIAN_POINT('',(10.344263127529,17.990857023941,
    -5.74427294751));
#568 = CARTESIAN_POINT('',(10.414352342202,17.986538996922,
    -5.615447715825));
#569 = CARTESIAN_POINT('',(10.482252068743,17.981445213884,
    -5.48603087712));
#570 = CARTESIAN_POINT('',(10.547989671464,17.975670518805,
    -5.356055909265));
#571 = CARTESIAN_POINT('',(10.611591575063,17.969303572689,
    -5.225553520358));
#572 = CARTESIAN_POINT('',(10.673083423855,17.962427464447,
    -5.09455168697));
#573 = CARTESIAN_POINT('',(10.775286860008,17.949856262601,
    -4.868360501125));
#574 = CARTESIAN_POINT('',(10.817001209719,17.944368580748,
    -4.773399666327));
#575 = CARTESIAN_POINT('',(10.857642478181,17.938686323144,
    -4.678202874107));
#576 = CARTESIAN_POINT('',(10.897219562635,17.932837316292,
    -4.582779416483));
#577 = CARTESIAN_POINT('',(10.935741069516,17.926848166262,
    -4.487138191387));
#578 = CARTESIAN_POINT('',(10.973215314447,17.920744258696,
    -4.391287702661));
#579 = CARTESIAN_POINT('',(11.009650322245,17.914549758809,
    -4.295236060057));
#580 = CARTESIAN_POINT('',(11.079410615291,17.902210606416,
    -4.105591416014));
#581 = CARTESIAN_POINT('',(11.112795976612,17.896069992159,
    -4.012009796303));
#582 = CARTESIAN_POINT('',(11.145216974817,17.889886780883,
    -3.918253208305));
#583 = CARTESIAN_POINT('',(11.176680412862,17.883681084517,
    -3.824328535378));
#584 = CARTESIAN_POINT('',(11.207192832732,17.877472114647,
    -3.730242456042));
#585 = CARTESIAN_POINT('',(11.236760515435,17.871278182516,
    -3.636001443977));
#586 = CARTESIAN_POINT('',(11.265389481006,17.865116699022,
    -3.541611768025));
#587 = CARTESIAN_POINT('',(11.329442901601,17.850980073378,
    -3.322984024506));
#588 = CARTESIAN_POINT('',(11.364192569135,17.843040470602,
    -3.198642983716));
#589 = CARTESIAN_POINT('',(11.397347517987,17.835222714731,
    -3.074070076838));
#590 = CARTESIAN_POINT('',(11.428920006537,17.827561815965,
    -2.949278693046));
#591 = CARTESIAN_POINT('',(11.458921524656,17.820090446366,
    -2.824281903665));
#592 = CARTESIAN_POINT('',(11.487362793711,17.81283893986,
    -2.699092462174));
#593 = CARTESIAN_POINT('',(11.514253766562,17.805835292236,
    -2.573722804204));
#594 = CARTESIAN_POINT('',(11.598054404609,17.783587072425,
    -2.158724705927));
#595 = CARTESIAN_POINT('',(11.648311530628,17.769523738416,
    -1.868373032446));
#596 = CARTESIAN_POINT('',(11.690487969976,17.757230417719,
    -1.577276950003));
#597 = CARTESIAN_POINT('',(11.724674863369,17.746960761603,
    -1.285581109965));
#598 = CARTESIAN_POINT('',(11.750941695994,17.738907601597,
    -0.993427924135));
#599 = CARTESIAN_POINT('',(11.769336465621,17.73320373709,
    -0.700957596739));
#600 = CARTESIAN_POINT('',(11.779885850716,17.729922722928,
    -0.408308156402));
#601 = CARTESIAN_POINT('',(11.78855340228,17.727225825994,0.527991061442
    ));
#602 = CARTESIAN_POINT('',(11.756594225756,17.737159376396,
    1.171003673829));
#603 = CARTESIAN_POINT('',(11.686950664425,17.758995146042,
    1.812513902427));
#604 = CARTESIAN_POINT('',(11.579137292305,17.791479849857,
    2.451341339928));
#605 = CARTESIAN_POINT('',(11.432190712452,17.83209642889,3.0860587407)
  );
#606 = CARTESIAN_POINT('',(11.244609010105,17.876769460878,
    3.714970403823));
#607 = CARTESIAN_POINT('',(11.014634725439,17.92007830029,4.336137265222
    ));
#608 = CARTESIAN_POINT('',(10.679525588344,17.961703590871,
    5.080803790572));
#609 = CARTESIAN_POINT('',(10.617304539928,17.968728959471,
    5.213814759205));
#610 = CARTESIAN_POINT('',(10.552911676097,17.975236191432,
    5.346313368757));
#611 = CARTESIAN_POINT('',(10.486320238317,17.981138755173,5.47827052354
    ));
#612 = CARTESIAN_POINT('',(10.417502643024,17.986344231291,
    5.609654235785));
#613 = CARTESIAN_POINT('',(10.346430311245,17.990753656911,
    5.740429584768));
#614 = CARTESIAN_POINT('',(10.27307349823,17.994260870026,5.87055867593)
  );
#615 = CARTESIAN_POINT('',(10.197401123077,17.996751853846,6.0000006));
#616 = PCURVE('',#418,#617);
#617 = DEFINITIONAL_REPRESENTATION('',(#618),#670);
#618 = B_SPLINE_CURVE_WITH_KNOTS('',8,(#619,#620,#621,#622,#623,#624,
    #625,#626,#627,#628,#629,#630,#631,#632,#633,#634,#635,#636,#637,
    #638,#639,#640,#641,#642,#643,#644,#645,#646,#647,#648,#649,#650,
    #651,#652,#653,#654,#655,#656,#657,#658,#659,#660,#661,#662,#663,
    #664,#665,#666,#667,#668,#669),.UNSPECIFIED.,.F.,.F.,(9,7,7,7,7,7,7,
    9),(5.287333903048E-08,8.990604808579E-02,0.154674286332,
    0.217527630231,0.300037175649,0.490284650491,0.908622839729,
    0.999999947055),.UNSPECIFIED.);
#619 = CARTESIAN_POINT('',(-7.821075450094,-1.786864203702E-15));
#620 = CARTESIAN_POINT('',(-7.80864292206,-0.12753024146));
#621 = CARTESIAN_POINT('',(-7.79657938915,-0.255727507059));
#622 = CARTESIAN_POINT('',(-7.784877585562,-0.384552664722));
#623 = CARTESIAN_POINT('',(-7.773531116065,-0.513969428631));
#624 = CARTESIAN_POINT('',(-7.762534339584,-0.643944320979));
#625 = CARTESIAN_POINT('',(-7.751882252795,-0.774446633725));
#626 = CARTESIAN_POINT('',(-7.741570373714,-0.905448390351));
#627 = CARTESIAN_POINT('',(-7.724408100629,-1.131639498875));
#628 = CARTESIAN_POINT('',(-7.717396042402,-1.226600333673));
#629 = CARTESIAN_POINT('',(-7.710556981522,-1.321797125893));
#630 = CARTESIAN_POINT('',(-7.703889561294,-1.417220583517));
#631 = CARTESIAN_POINT('',(-7.697392537404,-1.512861808613));
#632 = CARTESIAN_POINT('',(-7.691064777922,-1.608712297339));
#633 = CARTESIAN_POINT('',(-7.684905263302,-1.704763939943));
#634 = CARTESIAN_POINT('',(-7.673098070147,-1.894408583986));
#635 = CARTESIAN_POINT('',(-7.667440629415,-1.987990203697));
#636 = CARTESIAN_POINT('',(-7.661939930916,-2.081746791695));
#637 = CARTESIAN_POINT('',(-7.656595210007,-2.175671464622));
#638 = CARTESIAN_POINT('',(-7.65140577067,-2.269757543958));
#639 = CARTESIAN_POINT('',(-7.646370985518,-2.363998556023));
#640 = CARTESIAN_POINT('',(-7.641490295787,-2.458388231975));
#641 = CARTESIAN_POINT('',(-7.630557820116,-2.677015975494));
#642 = CARTESIAN_POINT('',(-7.624617103641,-2.801357016284));
#643 = CARTESIAN_POINT('',(-7.618939962651,-2.925929923162));
#644 = CARTESIAN_POINT('',(-7.61352542395,-3.050721306954));
#645 = CARTESIAN_POINT('',(-7.60837264041,-3.175718096335));
#646 = CARTESIAN_POINT('',(-7.603480890976,-3.300907537826));
#647 = CARTESIAN_POINT('',(-7.598849580661,-3.426277195796));
#648 = CARTESIAN_POINT('',(-7.584398965313,-3.841275294073));
#649 = CARTESIAN_POINT('',(-7.575701721814,-4.131626967554));
#650 = CARTESIAN_POINT('',(-7.568380466321,-4.422723049997));
#651 = CARTESIAN_POINT('',(-7.56243140093,-4.714418890035));
#652 = CARTESIAN_POINT('',(-7.557852414266,-5.006572075865));
#653 = CARTESIAN_POINT('',(-7.554642522183,-5.299042403261));
#654 = CARTESIAN_POINT('',(-7.552801308462,-5.591691843598));
#655 = CARTESIAN_POINT('',(-7.551288403758,-6.527991061442));
#656 = CARTESIAN_POINT('',(-7.55686663108,-7.171003673811));
#657 = CARTESIAN_POINT('',(-7.569029930872,-7.812513902451));
#658 = CARTESIAN_POINT('',(-7.587797900144,-8.451341339911));
#659 = CARTESIAN_POINT('',(-7.613189803328,-9.086058740706));
#660 = CARTESIAN_POINT('',(-7.645282733185,-9.714970403822));
#661 = CARTESIAN_POINT('',(-7.684209250628,-10.33613726522));
#662 = CARTESIAN_POINT('',(-7.740489989117,-11.08080371322));
#663 = CARTESIAN_POINT('',(-7.750925397382,-11.21381460506));
#664 = CARTESIAN_POINT('',(-7.761710945189,-11.34631313844));
#665 = CARTESIAN_POINT('',(-7.772851285045,-11.47827021771));
#666 = CARTESIAN_POINT('',(-7.784351618365,-11.60965385516));
#667 = CARTESIAN_POINT('',(-7.796217820387,-11.74042913013));
#668 = CARTESIAN_POINT('',(-7.808456565086,-11.87055814814));
#669 = CARTESIAN_POINT('',(-7.821075450094,-12.));
#670 = ( GEOMETRIC_REPRESENTATION_CONTEXT(2) 
PARAMETRIC_REPRESENTATION_CONTEXT() REPRESENTATION_CONTEXT('2D SPACE',''
  ) );
#671 = PCURVE('',#79,#672);
#672 = DEFINITIONAL_REPRESENTATION('',(#673),#725);
#673 = B_SPLINE_CURVE_WITH_KNOTS('',8,(#674,#675,#676,#677,#678,#679,
    #680,#681,#682,#683,#684,#685,#686,#687,#688,#689,#690,#691,#692,
    #693,#694,#695,#696,#697,#698,#699,#700,#701,#702,#703,#704,#705,
    #706,#707,#708,#709,#710,#711,#712,#713,#714,#715,#716,#717,#718,
    #719,#720,#721,#722,#723,#724),.UNSPECIFIED.,.F.,.F.,(9,7,7,7,7,7,7,
    9),(0.,8.990604808579E-02,0.154674286332,0.217527630231,
    0.300037175649,0.490284650491,0.908622839729,1.),.UNSPECIFIED.);
#674 = CARTESIAN_POINT('',(6.089208483298,-0.523598833333));
#675 = CARTESIAN_POINT('',(6.09035964461,-0.511327222766));
#676 = CARTESIAN_POINT('',(6.091357341851,-0.499090793918));
#677 = CARTESIAN_POINT('',(6.092217630453,-0.486889496023));
#678 = CARTESIAN_POINT('',(6.092954833692,-0.474723052349));
#679 = CARTESIAN_POINT('',(6.093581749782,-0.462590974921));
#680 = CARTESIAN_POINT('',(6.094109858964,-0.450492579236));
#681 = CARTESIAN_POINT('',(6.094549530603,-0.438426998983));
#682 = CARTESIAN_POINT('',(6.095170078013,-0.417724063074));
#683 = CARTESIAN_POINT('',(6.095388956462,-0.409071458601));
#684 = CARTESIAN_POINT('',(6.095570344724,-0.400435020912));
#685 = CARTESIAN_POINT('',(6.095717509274,-0.39181436691));
#686 = CARTESIAN_POINT('',(6.095833503968,-0.383209096832));
#687 = CARTESIAN_POINT('',(6.095921170043,-0.374618794254));
#688 = CARTESIAN_POINT('',(6.095983136115,-0.366043026087));
#689 = CARTESIAN_POINT('',(6.096059356603,-0.349172788068));
#690 = CARTESIAN_POINT('',(6.096074997809,-0.340877506917));
#691 = CARTESIAN_POINT('',(6.096070962817,-0.332595092168));
#692 = CARTESIAN_POINT('',(6.096049342287,-0.324325133228));
#693 = CARTESIAN_POINT('',(6.096012096515,-0.316067215865));
#694 = CARTESIAN_POINT('',(6.095961055439,-0.307820922207));
#695 = CARTESIAN_POINT('',(6.095897918637,-0.299585830745));
#696 = CARTESIAN_POINT('',(6.095727555199,-0.28056520222));
#697 = CARTESIAN_POINT('',(6.095612758483,-0.269787469997));
#698 = CARTESIAN_POINT('',(6.095483410491,-0.259027359916));
#699 = CARTESIAN_POINT('',(6.095342783649,-0.248283916785));
#700 = CARTESIAN_POINT('',(6.095193877493,-0.23755618997));
#701 = CARTESIAN_POINT('',(6.095039418673,-0.226843233392));
#702 = CARTESIAN_POINT('',(6.09488186095,-0.216144105528));
#703 = CARTESIAN_POINT('',(6.094357977626,-0.180817939252));
#704 = CARTESIAN_POINT('',(6.09398788476,-0.156246730952));
#705 = CARTESIAN_POINT('',(6.093640141358,-0.131732557644));
#706 = CARTESIAN_POINT('',(6.093335725043,-0.107264247873));
#707 = CARTESIAN_POINT('',(6.093090019708,-8.283097629017E-02));
#708 = CARTESIAN_POINT('',(6.092913278934,-5.842209433116E-02));
#709 = CARTESIAN_POINT('',(6.092811089403,-3.402696090423E-02));
#710 = CARTESIAN_POINT('',(6.092727101563,4.400159553869E-02));
#711 = CARTESIAN_POINT('',(6.093035603589,9.755678983489E-02));
#712 = CARTESIAN_POINT('',(6.09372392912,0.151190389936));
#713 = CARTESIAN_POINT('',(6.094688806999,0.205036043859));
#714 = CARTESIAN_POINT('',(6.095744055956,0.25921600024));
#715 = CARTESIAN_POINT('',(6.096540890757,0.313846473321));
#716 = CARTESIAN_POINT('',(6.096590773625,0.36904753256));
#717 = CARTESIAN_POINT('',(6.09459524902,0.437161156647));
#718 = CARTESIAN_POINT('',(6.094157023426,0.449404600023));
#719 = CARTESIAN_POINT('',(6.0936284874,0.461681784232));
#720 = CARTESIAN_POINT('',(6.092998868414,0.473993625359));
#721 = CARTESIAN_POINT('',(6.092256223609,0.486340847572));
#722 = CARTESIAN_POINT('',(6.091387217534,0.498723967393));
#723 = CARTESIAN_POINT('',(6.090376899895,0.511143277967));
#724 = CARTESIAN_POINT('',(6.089208483298,0.523598833333));
#725 = ( GEOMETRIC_REPRESENTATION_CONTEXT(2) 
PARAMETRIC_REPRESENTATION_CONTEXT() REPRESENTATION_CONTEXT('2D SPACE',''
  ) );
#726 = ADVANCED_FACE('',(#727),#197,.F.);
#727 = FACE_BOUND('',#728,.F.);
#728 = EDGE_LOOP('',(#729));
#729 = ORIENTED_EDGE('',*,*,#182,.T.);
#730 = ADVANCED_FACE('',(#731),#142,.T.);
#731 = FACE_BOUND('',#732,.F.);
#732 = EDGE_LOOP('',(#733,#761,#821,#822,#823));
#733 = ORIENTED_EDGE('',*,*,#734,.T.);
#734 = EDGE_CURVE('',#211,#735,#737,.T.);
#735 = VERTEX_POINT('',#736);
#736 = CARTESIAN_POINT('',(-6.997059539984,12.31617557502,-6.));
#737 = SURFACE_CURVE('',#738,(#743,#750),.PCURVE_S1.);
#738 = CIRCLE('',#739,17.);
#739 = AXIS2_PLACEMENT_3D('',#740,#741,#742);
#740 = CARTESIAN_POINT('',(10.,12.,-6.));
#741 = DIRECTION('',(0.,0.,-1.));
#742 = DIRECTION('',(2.307675561254E-02,0.999733696216,0.));
#743 = PCURVE('',#142,#744);
#744 = DEFINITIONAL_REPRESENTATION('',(#745),#749);
#745 = LINE('',#746,#747);
#746 = CARTESIAN_POINT('',(-7.830902829668,0.));
#747 = VECTOR('',#748,1.);
#748 = DIRECTION('',(1.,-0.));
#749 = ( GEOMETRIC_REPRESENTATION_CONTEXT(2) 
PARAMETRIC_REPRESENTATION_CONTEXT() REPRESENTATION_CONTEXT('2D SPACE',''
  ) );
#750 = PCURVE('',#263,#751);
#751 = DEFINITIONAL_REPRESENTATION('',(#752),#760);
#752 = ( BOUNDED_CURVE() B_SPLINE_CURVE(2,(#753,#754,#755,#756,#757,#758
,#759),.UNSPECIFIED.,.T.,.F.) B_SPLINE_CURVE_WITH_KNOTS((1,2,2,2,2,1),(
    -2.094395102393,0.,2.094395102393,4.188790204786,6.28318530718,
8.377580409573),.UNSPECIFIED.) CURVE() GEOMETRIC_REPRESENTATION_ITEM() 
RATIONAL_B_SPLINE_CURVE((1.,0.5,1.,0.5,1.,0.5,1.)) REPRESENTATION_ITEM(
  '') );
#753 = CARTESIAN_POINT('',(0.392304845413,16.995472835678));
#754 = CARTESIAN_POINT('',(29.829327295464,16.315980911367));
#755 = CARTESIAN_POINT('',(14.522358802319,-8.837482379995));
#756 = CARTESIAN_POINT('',(-0.784609690827,-33.99094567135));
#757 = CARTESIAN_POINT('',(-14.91466364773,-8.157990455683));
#758 = CARTESIAN_POINT('',(-29.04471760463,17.674964759989));
#759 = CARTESIAN_POINT('',(0.392304845413,16.995472835678));
#760 = ( GEOMETRIC_REPRESENTATION_CONTEXT(2) 
PARAMETRIC_REPRESENTATION_CONTEXT() REPRESENTATION_CONTEXT('2D SPACE',''
  ) );
#761 = ORIENTED_EDGE('',*,*,#762,.F.);
#762 = EDGE_CURVE('',#323,#735,#763,.T.);
#763 = SURFACE_CURVE('',#764,(#781,#801),.PCURVE_S1.);
#764 = B_SPLINE_CURVE_WITH_KNOTS('',8,(#765,#766,#767,#768,#769,#770,
    #771,#772,#773,#774,#775,#776,#777,#778,#779,#780),.UNSPECIFIED.,.F.
  ,.F.,(9,7,9),(0.,0.459233473814,1.),.UNSPECIFIED.);
#765 = CARTESIAN_POINT('',(-6.997059531414,12.316176035733,6.0000006));
#766 = CARTESIAN_POINT('',(-7.006063711413,11.832127385052,
    5.369609428797));
#767 = CARTESIAN_POINT('',(-6.998184580053,11.40848760377,4.715930639263
    ));
#768 = CARTESIAN_POINT('',(-6.98031009197,11.046804310034,4.042720916054
    ));
#769 = CARTESIAN_POINT('',(-6.958298598226,10.748322990965,3.35363728912
    ));
#770 = CARTESIAN_POINT('',(-6.93692822736,10.513853182295,2.652280630127
    ));
#771 = CARTESIAN_POINT('',(-6.919661605096,10.343889458136,
    1.942176514654));
#772 = CARTESIAN_POINT('',(-6.908561057765,10.23869193551,1.226762711098
    ));
#773 = CARTESIAN_POINT('',(-6.899206630029,10.150920860651,
    -0.335393298233));
#774 = CARTESIAN_POINT('',(-6.903585859693,10.19345801111,
    -1.182477048431));
#775 = CARTESIAN_POINT('',(-6.918431038241,10.326037853399,
    -2.026460346173));
#776 = CARTESIAN_POINT('',(-6.94202927153,10.548473932441,
    -2.861750856543));
#777 = CARTESIAN_POINT('',(-6.969893229171,10.860184618699,
    -3.682626884457));
#778 = CARTESIAN_POINT('',(-6.994855213136,11.260079253431,
    -4.483252882506));
#779 = CARTESIAN_POINT('',(-7.007661691884,11.746222806193,
    -5.25773330229));
#780 = CARTESIAN_POINT('',(-6.997059531414,12.316176035733,-6.0000006));
#781 = PCURVE('',#142,#782);
#782 = DEFINITIONAL_REPRESENTATION('',(#783),#800);
#783 = B_SPLINE_CURVE_WITH_KNOTS('',8,(#784,#785,#786,#787,#788,#789,
    #790,#791,#792,#793,#794,#795,#796,#797,#798,#799),.UNSPECIFIED.,.F.
  ,.F.,(9,7,9),(5.463672608354E-08,0.459233473814,0.99999994536),
  .UNSPECIFIED.);
#784 = CARTESIAN_POINT('',(-3.122993017959,-12.));
#785 = CARTESIAN_POINT('',(-3.151471387505,-11.3696088844));
#786 = CARTESIAN_POINT('',(-3.176378441134,-10.71593015869));
#787 = CARTESIAN_POINT('',(-3.197665867274,-10.04272050614));
#788 = CARTESIAN_POINT('',(-3.215265037191,-9.353636955335));
#789 = CARTESIAN_POINT('',(-3.229113321425,-8.652280376686));
#790 = CARTESIAN_POINT('',(-3.239162523017,-7.94217634442));
#791 = CARTESIAN_POINT('',(-3.245384967636,-7.226762625747));
#792 = CARTESIAN_POINT('',(-3.250577211385,-5.664606787123));
#793 = CARTESIAN_POINT('',(-3.248061800561,-4.817523122741));
#794 = CARTESIAN_POINT('',(-3.240214478316,-3.973539909684));
#795 = CARTESIAN_POINT('',(-3.227055946116,-3.138249481028));
#796 = CARTESIAN_POINT('',(-3.20865242687,-2.317373530272));
#797 = CARTESIAN_POINT('',(-3.185103196249,-1.51674760287));
#798 = CARTESIAN_POINT('',(-3.156525471695,-0.742267245494));
#799 = CARTESIAN_POINT('',(-3.122993017959,1.262112985962E-15));
#800 = ( GEOMETRIC_REPRESENTATION_CONTEXT(2) 
PARAMETRIC_REPRESENTATION_CONTEXT() REPRESENTATION_CONTEXT('2D SPACE',''
  ) );
#801 = PCURVE('',#79,#802);
#802 = DEFINITIONAL_REPRESENTATION('',(#803),#820);
#803 = B_SPLINE_CURVE_WITH_KNOTS('',8,(#804,#805,#806,#807,#808,#809,
    #810,#811,#812,#813,#814,#815,#816,#817,#818,#819),.UNSPECIFIED.,.F.
  ,.F.,(9,7,9),(0.,0.459233473814,1.),.UNSPECIFIED.);
#804 = CARTESIAN_POINT('',(3.973736241804,0.523598833333));
#805 = CARTESIAN_POINT('',(4.004455972471,0.46293941258));
#806 = CARTESIAN_POINT('',(4.03000409221,0.402467027807));
#807 = CARTESIAN_POINT('',(4.051088499897,0.342176812205));
#808 = CARTESIAN_POINT('',(4.068080302651,0.282045467368));
#809 = CARTESIAN_POINT('',(4.081223823201,0.222045357446));
#810 = CARTESIAN_POINT('',(4.090663697347,0.162142355601));
#811 = CARTESIAN_POINT('',(4.096486589011,0.1022969137));
#812 = CARTESIAN_POINT('',(4.101340357211,-2.800018994636E-02));
#813 = CARTESIAN_POINT('',(4.098980342957,-9.841310367838E-02));
#814 = CARTESIAN_POINT('',(4.091684458421,-0.168860079012));
#815 = CARTESIAN_POINT('',(4.079374145561,-0.239405848587));
#816 = CARTESIAN_POINT('',(4.061891352509,-0.310108516674));
#817 = CARTESIAN_POINT('',(4.038905791873,-0.381015833296));
#818 = CARTESIAN_POINT('',(4.009907832572,-0.452174126929));
#819 = CARTESIAN_POINT('',(3.973736241804,-0.523598833333));
#820 = ( GEOMETRIC_REPRESENTATION_CONTEXT(2) 
PARAMETRIC_REPRESENTATION_CONTEXT() REPRESENTATION_CONTEXT('2D SPACE',''
  ) );
#821 = ORIENTED_EDGE('',*,*,#348,.F.);
#822 = ORIENTED_EDGE('',*,*,#116,.F.);
#823 = ORIENTED_EDGE('',*,*,#210,.F.);
#824 = ADVANCED_FACE('',(#825),#263,.F.);
#825 = FACE_BOUND('',#826,.F.);
#826 = EDGE_LOOP('',(#827,#849,#850,#851,#873));
#827 = ORIENTED_EDGE('',*,*,#828,.F.);
#828 = EDGE_CURVE('',#735,#434,#829,.T.);
#829 = SURFACE_CURVE('',#830,(#835,#842),.PCURVE_S1.);
#830 = CIRCLE('',#831,10.392304845413);
#831 = AXIS2_PLACEMENT_3D('',#832,#833,#834);
#832 = CARTESIAN_POINT('',(0.,20.,-6.));
#833 = DIRECTION('',(0.,0.,1.));
#834 = DIRECTION('',(1.,0.,-0.));
#835 = PCURVE('',#263,#836);
#836 = DEFINITIONAL_REPRESENTATION('',(#837),#841);
#837 = CIRCLE('',#838,10.392304845413);
#838 = AXIS2_PLACEMENT_2D('',#839,#840);
#839 = CARTESIAN_POINT('',(-10.,8.));
#840 = DIRECTION('',(1.,0.));
#841 = ( GEOMETRIC_REPRESENTATION_CONTEXT(2) 
PARAMETRIC_REPRESENTATION_CONTEXT() REPRESENTATION_CONTEXT('2D SPACE',''
  ) );
#842 = PCURVE('',#79,#843);
#843 = DEFINITIONAL_REPRESENTATION('',(#844),#848);
#844 = LINE('',#845,#846);
#845 = CARTESIAN_POINT('',(0.,-0.523598775598));
#846 = VECTOR('',#847,1.);
#847 = DIRECTION('',(1.,0.));
#848 = ( GEOMETRIC_REPRESENTATION_CONTEXT(2) 
PARAMETRIC_REPRESENTATION_CONTEXT() REPRESENTATION_CONTEXT('2D SPACE',''
  ) );
#849 = ORIENTED_EDGE('',*,*,#734,.F.);
#850 = ORIENTED_EDGE('',*,*,#248,.T.);
#851 = ORIENTED_EDGE('',*,*,#852,.F.);
#852 = EDGE_CURVE('',#436,#249,#853,.T.);
#853 = SURFACE_CURVE('',#854,(#859,#866),.PCURVE_S1.);
#854 = CIRCLE('',#855,10.392304845413);
#855 = AXIS2_PLACEMENT_3D('',#856,#857,#858);
#856 = CARTESIAN_POINT('',(0.,20.,-6.));
#857 = DIRECTION('',(0.,0.,1.));
#858 = DIRECTION('',(1.,0.,-0.));
#859 = PCURVE('',#263,#860);
#860 = DEFINITIONAL_REPRESENTATION('',(#861),#865);
#861 = CIRCLE('',#862,10.392304845413);
#862 = AXIS2_PLACEMENT_2D('',#863,#864);
#863 = CARTESIAN_POINT('',(-10.,8.));
#864 = DIRECTION('',(1.,0.));
#865 = ( GEOMETRIC_REPRESENTATION_CONTEXT(2) 
PARAMETRIC_REPRESENTATION_CONTEXT() REPRESENTATION_CONTEXT('2D SPACE',''
  ) );
#866 = PCURVE('',#79,#867);
#867 = DEFINITIONAL_REPRESENTATION('',(#868),#872);
#868 = LINE('',#869,#870);
#869 = CARTESIAN_POINT('',(0.,-0.523598775598));
#870 = VECTOR('',#871,1.);
#871 = DIRECTION('',(1.,0.));
#872 = ( GEOMETRIC_REPRESENTATION_CONTEXT(2) 
PARAMETRIC_REPRESENTATION_CONTEXT() REPRESENTATION_CONTEXT('2D SPACE',''
  ) );
#873 = ORIENTED_EDGE('',*,*,#433,.F.);
#874 = ADVANCED_FACE('',(#875,#883),#79,.T.);
#875 = FACE_BOUND('',#876,.T.);
#876 = EDGE_LOOP('',(#877,#878,#879,#880,#881,#882));
#877 = ORIENTED_EDGE('',*,*,#274,.T.);
#878 = ORIENTED_EDGE('',*,*,#852,.F.);
#879 = ORIENTED_EDGE('',*,*,#562,.T.);
#880 = ORIENTED_EDGE('',*,*,#375,.T.);
#881 = ORIENTED_EDGE('',*,*,#55,.T.);
#882 = ORIENTED_EDGE('',*,*,#297,.T.);
#883 = FACE_BOUND('',#884,.T.);
#884 = EDGE_LOOP('',(#885,#886,#887,#888));
#885 = ORIENTED_EDGE('',*,*,#762,.F.);
#886 = ORIENTED_EDGE('',*,*,#322,.T.);
#887 = ORIENTED_EDGE('',*,*,#459,.T.);
#888 = ORIENTED_EDGE('',*,*,#828,.F.);
#889 = ( GEOMETRIC_REPRESENTATION_CONTEXT(3) 
GLOBAL_UNCERTAINTY_ASSIGNED_CONTEXT((#893)) GLOBAL_UNIT_ASSIGNED_CONTEXT
((#890,#891,#892)) REPRESENTATION_CONTEXT('Context #1',
  '3D Context with UNIT and UNCERTAINTY') );
#890 = ( LENGTH_UNIT() NAMED_UNIT(*) SI_UNIT(.MILLI.,.METRE.) );
#891 = ( NAMED_UNIT(*) PLANE_ANGLE_UNIT() SI_UNIT($,.RADIAN.) );
#892 = ( NAMED_UNIT(*) SI_UNIT($,.STERADIAN.) SOLID_ANGLE_UNIT() );
#893 = UNCERTAINTY_MEASURE_WITH_UNIT(LENGTH_MEASURE(2.E-07),#890,
  'distance_accuracy_value','confusion accuracy');
#894 = CONTEXT_DEPENDENT_SHAPE_REPRESENTATION(#895,#897);
#895 = ( REPRESENTATION_RELATIONSHIP('','',#48,#10) 
REPRESENTATION_RELATIONSHIP_WITH_TRANSFORMATION(#896) 
SHAPE_REPRESENTATION_RELATIONSHIP() );
#896 = ITEM_DEFINED_TRANSFORMATION('','',#11,#15);
#897 = PRODUCT_DEFINITION_SHAPE('Placement','Placement of an item',#898
  );
#898 = NEXT_ASSEMBLY_USAGE_OCCURRENCE('1','grip','',#5,#43,$);
#899 = PRODUCT_RELATED_PRODUCT_CATEGORY('part',$,(#45));
#900 = SHAPE_DEFINITION_REPRESENTATION(#901,#907);
#901 = PRODUCT_DEFINITION_SHAPE('','',#902);
#902 = PRODUCT_DEFINITION('design','',#903,#906);
#903 = PRODUCT_DEFINITION_FORMATION('','',#904);
#904 = PRODUCT('pipe','pipe','',(#905));
#905 = PRODUCT_CONTEXT('',#2,'mechanical');
#906 = PRODUCT_DEFINITION_CONTEXT('part definition',#2,'design');
#907 = ADVANCED_BREP_SHAPE_REPRESENTATION('',(#11,#908),#1006);
#908 = MANIFOLD_SOLID_BREP('',#909);
#909 = CLOSED_SHELL('',(#910,#998,#1002));
#910 = ADVANCED_FACE('',(#911),#925,.T.);
#911 = FACE_BOUND('',#912,.T.);
#912 = EDGE_LOOP('',(#913,#943,#970,#971));
#913 = ORIENTED_EDGE('',*,*,#914,.T.);
#914 = EDGE_CURVE('',#915,#917,#919,.T.);
#915 = VERTEX_POINT('',#916);
#916 = CARTESIAN_POINT('',(9.,85.,0.));
#917 = VERTEX_POINT('',#918);
#918 = CARTESIAN_POINT('',(9.,705.,0.));
#919 = SEAM_CURVE('',#920,(#924,#936),.PCURVE_S1.);
#920 = LINE('',#921,#922);
#921 = CARTESIAN_POINT('',(9.,85.,0.));
#922 = VECTOR('',#923,1.);
#923 = DIRECTION('',(-0.,1.,-0.));
#924 = PCURVE('',#925,#930);
#925 = CYLINDRICAL_SURFACE('',#926,9.);
#926 = AXIS2_PLACEMENT_3D('',#927,#928,#929);
#927 = CARTESIAN_POINT('',(0.,85.,0.));
#928 = DIRECTION('',(0.,-1.,0.));
#929 = DIRECTION('',(1.,0.,0.));
#930 = DEFINITIONAL_REPRESENTATION('',(#931),#935);
#931 = LINE('',#932,#933);
#932 = CARTESIAN_POINT('',(0.,0.));
#933 = VECTOR('',#934,1.);
#934 = DIRECTION('',(0.,-1.));
#935 = ( GEOMETRIC_REPRESENTATION_CONTEXT(2) 
PARAMETRIC_REPRESENTATION_CONTEXT() REPRESENTATION_CONTEXT('2D SPACE',''
  ) );
#936 = PCURVE('',#925,#937);
#937 = DEFINITIONAL_REPRESENTATION('',(#938),#942);
#938 = LINE('',#939,#940);
#939 = CARTESIAN_POINT('',(6.28318530718,0.));
#940 = VECTOR('',#941,1.);
#941 = DIRECTION('',(0.,-1.));
#942 = ( GEOMETRIC_REPRESENTATION_CONTEXT(2) 
PARAMETRIC_REPRESENTATION_CONTEXT() REPRESENTATION_CONTEXT('2D SPACE',''
  ) );
#943 = ORIENTED_EDGE('',*,*,#944,.T.);
#944 = EDGE_CURVE('',#917,#917,#945,.T.);
#945 = SURFACE_CURVE('',#946,(#951,#958),.PCURVE_S1.);
#946 = CIRCLE('',#947,9.);
#947 = AXIS2_PLACEMENT_3D('',#948,#949,#950);
#948 = CARTESIAN_POINT('',(0.,705.,0.));
#949 = DIRECTION('',(0.,-1.,0.));
#950 = DIRECTION('',(1.,0.,0.));
#951 = PCURVE('',#925,#952);
#952 = DEFINITIONAL_REPRESENTATION('',(#953),#957);
#953 = LINE('',#954,#955);
#954 = CARTESIAN_POINT('',(0.,-620.));
#955 = VECTOR('',#956,1.);
#956 = DIRECTION('',(1.,0.));
#957 = ( GEOMETRIC_REPRESENTATION_CONTEXT(2) 
PARAMETRIC_REPRESENTATION_CONTEXT() REPRESENTATION_CONTEXT('2D SPACE',''
  ) );
#958 = PCURVE('',#959,#964);
#959 = PLANE('',#960);
#960 = AXIS2_PLACEMENT_3D('',#961,#962,#963);
#961 = CARTESIAN_POINT('',(-3.038755850088E-16,705.,2.403571302733E-16)
  );
#962 = DIRECTION('',(-0.,-1.,-0.));
#963 = DIRECTION('',(0.,0.,-1.));
#964 = DEFINITIONAL_REPRESENTATION('',(#965),#969);
#965 = CIRCLE('',#966,9.);
#966 = AXIS2_PLACEMENT_2D('',#967,#968);
#967 = CARTESIAN_POINT('',(2.403571302733E-16,3.038755850088E-16));
#968 = DIRECTION('',(0.,1.));
#969 = ( GEOMETRIC_REPRESENTATION_CONTEXT(2) 
PARAMETRIC_REPRESENTATION_CONTEXT() REPRESENTATION_CONTEXT('2D SPACE',''
  ) );
#970 = ORIENTED_EDGE('',*,*,#914,.F.);
#971 = ORIENTED_EDGE('',*,*,#972,.F.);
#972 = EDGE_CURVE('',#915,#915,#973,.T.);
#973 = SURFACE_CURVE('',#974,(#979,#986),.PCURVE_S1.);
#974 = CIRCLE('',#975,9.);
#975 = AXIS2_PLACEMENT_3D('',#976,#977,#978);
#976 = CARTESIAN_POINT('',(0.,85.,0.));
#977 = DIRECTION('',(0.,-1.,0.));
#978 = DIRECTION('',(1.,0.,0.));
#979 = PCURVE('',#925,#980);
#980 = DEFINITIONAL_REPRESENTATION('',(#981),#985);
#981 = LINE('',#982,#983);
#982 = CARTESIAN_POINT('',(0.,0.));
#983 = VECTOR('',#984,1.);
#984 = DIRECTION('',(1.,0.));
#985 = ( GEOMETRIC_REPRESENTATION_CONTEXT(2) 
PARAMETRIC_REPRESENTATION_CONTEXT() REPRESENTATION_CONTEXT('2D SPACE',''
  ) );
#986 = PCURVE('',#987,#992);
#987 = PLANE('',#988);
#988 = AXIS2_PLACEMENT_3D('',#989,#990,#991);
#989 = CARTESIAN_POINT('',(-3.038755850088E-16,85.,2.403571302733E-16));
#990 = DIRECTION('',(-0.,-1.,-0.));
#991 = DIRECTION('',(0.,0.,-1.));
#992 = DEFINITIONAL_REPRESENTATION('',(#993),#997);
#993 = CIRCLE('',#994,9.);
#994 = AXIS2_PLACEMENT_2D('',#995,#996);
#995 = CARTESIAN_POINT('',(2.403571302733E-16,3.038755850088E-16));
#996 = DIRECTION('',(0.,1.));
#997 = ( GEOMETRIC_REPRESENTATION_CONTEXT(2) 
PARAMETRIC_REPRESENTATION_CONTEXT() REPRESENTATION_CONTEXT('2D SPACE',''
  ) );
#998 = ADVANCED_FACE('',(#999),#987,.T.);
#999 = FACE_BOUND('',#1000,.T.);
#1000 = EDGE_LOOP('',(#1001));
#1001 = ORIENTED_EDGE('',*,*,#972,.T.);
#1002 = ADVANCED_FACE('',(#1003),#959,.F.);
#1003 = FACE_BOUND('',#1004,.F.);
#1004 = EDGE_LOOP('',(#1005));
#1005 = ORIENTED_EDGE('',*,*,#944,.T.);
#1006 = ( GEOMETRIC_REPRESENTATION_CONTEXT(3) 
GLOBAL_UNCERTAINTY_ASSIGNED_CONTEXT((#1010)) 
GLOBAL_UNIT_ASSIGNED_CONTEXT((#1007,#1008,#1009)) REPRESENTATION_CONTEXT
('Context #1','3D Context with UNIT and UNCERTAINTY') );
#1007 = ( LENGTH_UNIT() NAMED_UNIT(*) SI_UNIT(.MILLI.,.METRE.) );
#1008 = ( NAMED_UNIT(*) PLANE_ANGLE_UNIT() SI_UNIT($,.RADIAN.) );
#1009 = ( NAMED_UNIT(*) SI_UNIT($,.STERADIAN.) SOLID_ANGLE_UNIT() );
#1010 = UNCERTAINTY_MEASURE_WITH_UNIT(LENGTH_MEASURE(1.E-07),#1007,
  'distance_accuracy_value','confusion accuracy');
#1011 = CONTEXT_DEPENDENT_SHAPE_REPRESENTATION(#1012,#1014);
#1012 = ( REPRESENTATION_RELATIONSHIP('','',#907,#10) 
REPRESENTATION_RELATIONSHIP_WITH_TRANSFORMATION(#1013) 
SHAPE_REPRESENTATION_RELATIONSHIP() );
#1013 = ITEM_DEFINED_TRANSFORMATION('','',#11,#19);
#1014 = PRODUCT_DEFINITION_SHAPE('Placement','Placement of an item',
  #1015);
#1015 = NEXT_ASSEMBLY_USAGE_OCCURRENCE('2','pipe','',#5,#902,$);
#1016 = PRODUCT_RELATED_PRODUCT_CATEGORY('part',$,(#904));
#1017 = SHAPE_DEFINITION_REPRESENTATION(#1018,#1024);
#1018 = PRODUCT_DEFINITION_SHAPE('','',#1019);
#1019 = PRODUCT_DEFINITION('design','',#1020,#1023);
#1020 = PRODUCT_DEFINITION_FORMATION('','',#1021);
#1021 = PRODUCT('head_holder','head_holder','',(#1022));
#1022 = PRODUCT_CONTEXT('',#2,'mechanical');
#1023 = PRODUCT_DEFINITION_CONTEXT('part definition',#2,'design');
#1024 = ADVANCED_BREP_SHAPE_REPRESENTATION('',(#11,#1025),#3647);
#1025 = MANIFOLD_SOLID_BREP('',#1026);
#1026 = CLOSED_SHELL('',(#1027,#1120,#1651,#2070,#2148,#2197,#2247,#2296
    ,#2346,#2395,#2445,#2494,#2544,#2593,#2643,#2692,#2742,#2791,#2864,
    #2870,#2875,#2901,#3212,#3217,#3223,#3227,#3303,#3353,#3403,#3430,
    #3506,#3556,#3606,#3633,#3640));
#1027 = ADVANCED_FACE('',(#1028),#1042,.F.);
#1028 = FACE_BOUND('',#1029,.F.);
#1029 = EDGE_LOOP('',(#1030,#1065,#1093));
#1030 = ORIENTED_EDGE('',*,*,#1031,.F.);
#1031 = EDGE_CURVE('',#1032,#1034,#1036,.T.);
#1032 = VERTEX_POINT('',#1033);
#1033 = CARTESIAN_POINT('',(-12.06066752776,671.76835387575,-10.));
#1034 = VERTEX_POINT('',#1035);
#1035 = CARTESIAN_POINT('',(-8.023582518462,672.85008754377,-10.));
#1036 = SURFACE_CURVE('',#1037,(#1041,#1053),.PCURVE_S1.);
#1037 = LINE('',#1038,#1039);
#1038 = CARTESIAN_POINT('',(-12.55703574175,671.63535241366,-10.));
#1039 = VECTOR('',#1040,1.);
#1040 = DIRECTION('',(0.965925826289,0.258819045103,0.));
#1041 = PCURVE('',#1042,#1047);
#1042 = PLANE('',#1043);
#1043 = AXIS2_PLACEMENT_3D('',#1044,#1045,#1046);
#1044 = CARTESIAN_POINT('',(-12.55703574175,671.63535241366,-10.));
#1045 = DIRECTION('',(-0.258819045103,0.965925826289,0.));
#1046 = DIRECTION('',(0.965925826289,0.258819045103,0.));
#1047 = DEFINITIONAL_REPRESENTATION('',(#1048),#1052);
#1048 = LINE('',#1049,#1050);
#1049 = CARTESIAN_POINT('',(0.,0.));
#1050 = VECTOR('',#1051,1.);
#1051 = DIRECTION('',(1.,0.));
#1052 = ( GEOMETRIC_REPRESENTATION_CONTEXT(2) 
PARAMETRIC_REPRESENTATION_CONTEXT() REPRESENTATION_CONTEXT('2D SPACE',''
  ) );
#1053 = PCURVE('',#1054,#1059);
#1054 = PLANE('',#1055);
#1055 = AXIS2_PLACEMENT_3D('',#1056,#1057,#1058);
#1056 = CARTESIAN_POINT('',(23.723277839934,736.05817976736,-10.));
#1057 = DIRECTION('',(0.,0.,1.));
#1058 = DIRECTION('',(0.965925826289,0.258819045103,0.));
#1059 = DEFINITIONAL_REPRESENTATION('',(#1060),#1064);
#1060 = LINE('',#1061,#1062);
#1061 = CARTESIAN_POINT('',(-51.71794653291,-52.83763662626));
#1062 = VECTOR('',#1063,1.);
#1063 = DIRECTION('',(1.,0.));
#1064 = ( GEOMETRIC_REPRESENTATION_CONTEXT(2) 
PARAMETRIC_REPRESENTATION_CONTEXT() REPRESENTATION_CONTEXT('2D SPACE',''
  ) );
#1065 = ORIENTED_EDGE('',*,*,#1066,.T.);
#1066 = EDGE_CURVE('',#1032,#1067,#1069,.T.);
#1067 = VERTEX_POINT('',#1068);
#1068 = CARTESIAN_POINT('',(-12.06066752776,671.76835387575,
    -3.618944889381));
#1069 = SURFACE_CURVE('',#1070,(#1074,#1081),.PCURVE_S1.);
#1070 = LINE('',#1071,#1072);
#1071 = CARTESIAN_POINT('',(-12.06066752776,671.76835387575,-10.));
#1072 = VECTOR('',#1073,1.);
#1073 = DIRECTION('',(0.,0.,1.));
#1074 = PCURVE('',#1042,#1075);
#1075 = DEFINITIONAL_REPRESENTATION('',(#1076),#1080);
#1076 = LINE('',#1077,#1078);
#1077 = CARTESIAN_POINT('',(0.51387818866,0.));
#1078 = VECTOR('',#1079,1.);
#1079 = DIRECTION('',(0.,-1.));
#1080 = ( GEOMETRIC_REPRESENTATION_CONTEXT(2) 
PARAMETRIC_REPRESENTATION_CONTEXT() REPRESENTATION_CONTEXT('2D SPACE',''
  ) );
#1081 = PCURVE('',#1082,#1087);
#1082 = CYLINDRICAL_SURFACE('',#1083,3.);
#1083 = AXIS2_PLACEMENT_3D('',#1084,#1085,#1086);
#1084 = CARTESIAN_POINT('',(-12.83712466307,674.66613135462,-10.));
#1085 = DIRECTION('',(0.,0.,1.));
#1086 = DIRECTION('',(0.258819045103,-0.965925826289,0.));
#1087 = DEFINITIONAL_REPRESENTATION('',(#1088),#1092);
#1088 = LINE('',#1089,#1090);
#1089 = CARTESIAN_POINT('',(-0.,0.));
#1090 = VECTOR('',#1091,1.);
#1091 = DIRECTION('',(-0.,1.));
#1092 = ( GEOMETRIC_REPRESENTATION_CONTEXT(2) 
PARAMETRIC_REPRESENTATION_CONTEXT() REPRESENTATION_CONTEXT('2D SPACE',''
  ) );
#1093 = ORIENTED_EDGE('',*,*,#1094,.F.);
#1094 = EDGE_CURVE('',#1034,#1067,#1095,.T.);
#1095 = SURFACE_CURVE('',#1096,(#1101,#1108),.PCURVE_S1.);
#1096 = CIRCLE('',#1097,13.);
#1097 = AXIS2_PLACEMENT_3D('',#1098,#1099,#1100);
#1098 = CARTESIAN_POINT('',(0.,675.,0.));
#1099 = DIRECTION('',(-0.258819045103,0.965925826289,0.));
#1100 = DIRECTION('',(0.965925826289,0.258819045103,0.));
#1101 = PCURVE('',#1042,#1102);
#1102 = DEFINITIONAL_REPRESENTATION('',(#1103),#1107);
#1103 = CIRCLE('',#1104,13.);
#1104 = AXIS2_PLACEMENT_2D('',#1105,#1106);
#1105 = CARTESIAN_POINT('',(13.,-10.));
#1106 = DIRECTION('',(1.,0.));
#1107 = ( GEOMETRIC_REPRESENTATION_CONTEXT(2) 
PARAMETRIC_REPRESENTATION_CONTEXT() REPRESENTATION_CONTEXT('2D SPACE',''
  ) );
#1108 = PCURVE('',#1109,#1114);
#1109 = CYLINDRICAL_SURFACE('',#1110,13.);
#1110 = AXIS2_PLACEMENT_3D('',#1111,#1112,#1113);
#1111 = CARTESIAN_POINT('',(-2.07055236082,682.72740661031,0.));
#1112 = DIRECTION('',(-0.258819045103,0.965925826289,0.));
#1113 = DIRECTION('',(0.965925826289,0.258819045103,0.));
#1114 = DEFINITIONAL_REPRESENTATION('',(#1115),#1119);
#1115 = LINE('',#1116,#1117);
#1116 = CARTESIAN_POINT('',(-6.28318530718,-8.));
#1117 = VECTOR('',#1118,1.);
#1118 = DIRECTION('',(1.,-0.));
#1119 = ( GEOMETRIC_REPRESENTATION_CONTEXT(2) 
PARAMETRIC_REPRESENTATION_CONTEXT() REPRESENTATION_CONTEXT('2D SPACE',''
  ) );
#1120 = ADVANCED_FACE('',(#1121),#1054,.F.);
#1121 = FACE_BOUND('',#1122,.F.);
#1122 = EDGE_LOOP('',(#1123,#1151,#1152,#1175,#1203,#1226,#1254,#1283,
    #1311,#1340,#1368,#1397,#1425,#1454,#1482,#1511,#1539,#1568,#1596,
    #1625));
#1123 = ORIENTED_EDGE('',*,*,#1124,.F.);
#1124 = EDGE_CURVE('',#1032,#1125,#1127,.T.);
#1125 = VERTEX_POINT('',#1126);
#1126 = CARTESIAN_POINT('',(-13.06937173172,671.67513464798,-10.));
#1127 = SURFACE_CURVE('',#1128,(#1133,#1144),.PCURVE_S1.);
#1128 = CIRCLE('',#1129,3.);
#1129 = AXIS2_PLACEMENT_3D('',#1130,#1131,#1132);
#1130 = CARTESIAN_POINT('',(-12.83712466307,674.66613135462,-10.));
#1131 = DIRECTION('',(0.,-0.,-1.));
#1132 = DIRECTION('',(0.258819045103,-0.965925826289,0.));
#1133 = PCURVE('',#1054,#1134);
#1134 = DEFINITIONAL_REPRESENTATION('',(#1135),#1143);
#1135 = ( BOUNDED_CURVE() B_SPLINE_CURVE(2,(#1136,#1137,#1138,#1139,
#1140,#1141,#1142),.UNSPECIFIED.,.T.,.F.) B_SPLINE_CURVE_WITH_KNOTS((1,2
    ,2,2,2,1),(-2.094395102393,0.,2.094395102393,4.188790204786,
6.28318530718,8.377580409573),.UNSPECIFIED.) CURVE() 
GEOMETRIC_REPRESENTATION_ITEM() RATIONAL_B_SPLINE_CURVE((1.,0.5,1.,0.5,
1.,0.5,1.)) REPRESENTATION_ITEM('') );
#1136 = CARTESIAN_POINT('',(-51.20406834425,-52.83763662626));
#1137 = CARTESIAN_POINT('',(-56.40022076695,-52.83763662626));
#1138 = CARTESIAN_POINT('',(-53.8021445556,-48.33763662626));
#1139 = CARTESIAN_POINT('',(-51.20406834425,-43.83763662626));
#1140 = CARTESIAN_POINT('',(-48.60599213289,-48.33763662626));
#1141 = CARTESIAN_POINT('',(-46.00791592154,-52.83763662626));
#1142 = CARTESIAN_POINT('',(-51.20406834425,-52.83763662626));
#1143 = ( GEOMETRIC_REPRESENTATION_CONTEXT(2) 
PARAMETRIC_REPRESENTATION_CONTEXT() REPRESENTATION_CONTEXT('2D SPACE',''
  ) );
#1144 = PCURVE('',#1082,#1145);
#1145 = DEFINITIONAL_REPRESENTATION('',(#1146),#1150);
#1146 = LINE('',#1147,#1148);
#1147 = CARTESIAN_POINT('',(-0.,0.));
#1148 = VECTOR('',#1149,1.);
#1149 = DIRECTION('',(-1.,0.));
#1150 = ( GEOMETRIC_REPRESENTATION_CONTEXT(2) 
PARAMETRIC_REPRESENTATION_CONTEXT() REPRESENTATION_CONTEXT('2D SPACE',''
  ) );
#1151 = ORIENTED_EDGE('',*,*,#1031,.T.);
#1152 = ORIENTED_EDGE('',*,*,#1153,.T.);
#1153 = EDGE_CURVE('',#1034,#1154,#1156,.T.);
#1154 = VERTEX_POINT('',#1155);
#1155 = CARTESIAN_POINT('',(-10.09413487928,680.57749415408,-10.));
#1156 = SURFACE_CURVE('',#1157,(#1161,#1168),.PCURVE_S1.);
#1157 = LINE('',#1158,#1159);
#1158 = CARTESIAN_POINT('',(-10.09413487928,680.57749415408,-10.));
#1159 = VECTOR('',#1160,1.);
#1160 = DIRECTION('',(-0.258819045103,0.965925826289,0.));
#1161 = PCURVE('',#1054,#1162);
#1162 = DEFINITIONAL_REPRESENTATION('',(#1163),#1167);
#1163 = LINE('',#1164,#1165);
#1164 = CARTESIAN_POINT('',(-47.02457039582,-44.83763662626));
#1165 = VECTOR('',#1166,1.);
#1166 = DIRECTION('',(0.,1.));
#1167 = ( GEOMETRIC_REPRESENTATION_CONTEXT(2) 
PARAMETRIC_REPRESENTATION_CONTEXT() REPRESENTATION_CONTEXT('2D SPACE',''
  ) );
#1168 = PCURVE('',#1109,#1169);
#1169 = DEFINITIONAL_REPRESENTATION('',(#1170),#1174);
#1170 = LINE('',#1171,#1172);
#1171 = CARTESIAN_POINT('',(-4.019229072808,0.));
#1172 = VECTOR('',#1173,1.);
#1173 = DIRECTION('',(-0.,1.));
#1174 = ( GEOMETRIC_REPRESENTATION_CONTEXT(2) 
PARAMETRIC_REPRESENTATION_CONTEXT() REPRESENTATION_CONTEXT('2D SPACE',''
  ) );
#1175 = ORIENTED_EDGE('',*,*,#1176,.T.);
#1176 = EDGE_CURVE('',#1154,#1177,#1179,.T.);
#1177 = VERTEX_POINT('',#1178);
#1178 = CARTESIAN_POINT('',(5.953030157641,684.87731906653,-10.));
#1179 = SURFACE_CURVE('',#1180,(#1184,#1191),.PCURVE_S1.);
#1180 = LINE('',#1181,#1182);
#1181 = CARTESIAN_POINT('',(16.628779887688,687.7378775853,-10.));
#1182 = VECTOR('',#1183,1.);
#1183 = DIRECTION('',(0.965925826289,0.258819045103,0.));
#1184 = PCURVE('',#1054,#1185);
#1185 = DEFINITIONAL_REPRESENTATION('',(#1186),#1190);
#1186 = LINE('',#1187,#1188);
#1187 = CARTESIAN_POINT('',(-19.35897326645,-44.83763662626));
#1188 = VECTOR('',#1189,1.);
#1189 = DIRECTION('',(1.,0.));
#1190 = ( GEOMETRIC_REPRESENTATION_CONTEXT(2) 
PARAMETRIC_REPRESENTATION_CONTEXT() REPRESENTATION_CONTEXT('2D SPACE',''
  ) );
#1191 = PCURVE('',#1192,#1197);
#1192 = PLANE('',#1193);
#1193 = AXIS2_PLACEMENT_3D('',#1194,#1195,#1196);
#1194 = CARTESIAN_POINT('',(-2.07055236082,682.72740661031,
    1.152322960418E-15));
#1195 = DIRECTION('',(0.258819045103,-0.965925826289,-0.));
#1196 = DIRECTION('',(0.,0.,-1.));
#1197 = DEFINITIONAL_REPRESENTATION('',(#1198),#1202);
#1198 = LINE('',#1199,#1200);
#1199 = CARTESIAN_POINT('',(10.,19.358973266455));
#1200 = VECTOR('',#1201,1.);
#1201 = DIRECTION('',(0.,1.));
#1202 = ( GEOMETRIC_REPRESENTATION_CONTEXT(2) 
PARAMETRIC_REPRESENTATION_CONTEXT() REPRESENTATION_CONTEXT('2D SPACE',''
  ) );
#1203 = ORIENTED_EDGE('',*,*,#1204,.F.);
#1204 = EDGE_CURVE('',#1205,#1177,#1207,.T.);
#1205 = VERTEX_POINT('',#1206);
#1206 = CARTESIAN_POINT('',(8.023582518462,677.14991245622,-10.));
#1207 = SURFACE_CURVE('',#1208,(#1212,#1219),.PCURVE_S1.);
#1208 = LINE('',#1209,#1210);
#1209 = CARTESIAN_POINT('',(5.953030157641,684.87731906653,-10.));
#1210 = VECTOR('',#1211,1.);
#1211 = DIRECTION('',(-0.258819045103,0.965925826289,0.));
#1212 = PCURVE('',#1054,#1213);
#1213 = DEFINITIONAL_REPRESENTATION('',(#1214),#1218);
#1214 = LINE('',#1215,#1216);
#1215 = CARTESIAN_POINT('',(-30.41132266999,-44.83763662626));
#1216 = VECTOR('',#1217,1.);
#1217 = DIRECTION('',(0.,1.));
#1218 = ( GEOMETRIC_REPRESENTATION_CONTEXT(2) 
PARAMETRIC_REPRESENTATION_CONTEXT() REPRESENTATION_CONTEXT('2D SPACE',''
  ) );
#1219 = PCURVE('',#1109,#1220);
#1220 = DEFINITIONAL_REPRESENTATION('',(#1221),#1225);
#1221 = LINE('',#1222,#1223);
#1222 = CARTESIAN_POINT('',(-5.405548887961,0.));
#1223 = VECTOR('',#1224,1.);
#1224 = DIRECTION('',(-0.,1.));
#1225 = ( GEOMETRIC_REPRESENTATION_CONTEXT(2) 
PARAMETRIC_REPRESENTATION_CONTEXT() REPRESENTATION_CONTEXT('2D SPACE',''
  ) );
#1226 = ORIENTED_EDGE('',*,*,#1227,.T.);
#1227 = EDGE_CURVE('',#1205,#1228,#1230,.T.);
#1228 = VERTEX_POINT('',#1229);
#1229 = CARTESIAN_POINT('',(11.927178860375,678.19587794361,-10.));
#1230 = SURFACE_CURVE('',#1231,(#1235,#1242),.PCURVE_S1.);
#1231 = LINE('',#1232,#1233);
#1232 = CARTESIAN_POINT('',(-12.55703574175,671.63535241366,-10.));
#1233 = VECTOR('',#1234,1.);
#1234 = DIRECTION('',(0.965925826289,0.258819045103,0.));
#1235 = PCURVE('',#1054,#1236);
#1236 = DEFINITIONAL_REPRESENTATION('',(#1237),#1241);
#1237 = LINE('',#1238,#1239);
#1238 = CARTESIAN_POINT('',(-51.71794653291,-52.83763662626));
#1239 = VECTOR('',#1240,1.);
#1240 = DIRECTION('',(1.,0.));
#1241 = ( GEOMETRIC_REPRESENTATION_CONTEXT(2) 
PARAMETRIC_REPRESENTATION_CONTEXT() REPRESENTATION_CONTEXT('2D SPACE',''
  ) );
#1242 = PCURVE('',#1243,#1248);
#1243 = PLANE('',#1244);
#1244 = AXIS2_PLACEMENT_3D('',#1245,#1246,#1247);
#1245 = CARTESIAN_POINT('',(-12.55703574175,671.63535241366,-10.));
#1246 = DIRECTION('',(-0.258819045103,0.965925826289,0.));
#1247 = DIRECTION('',(0.965925826289,0.258819045103,0.));
#1248 = DEFINITIONAL_REPRESENTATION('',(#1249),#1253);
#1249 = LINE('',#1250,#1251);
#1250 = CARTESIAN_POINT('',(0.,0.));
#1251 = VECTOR('',#1252,1.);
#1252 = DIRECTION('',(1.,0.));
#1253 = ( GEOMETRIC_REPRESENTATION_CONTEXT(2) 
PARAMETRIC_REPRESENTATION_CONTEXT() REPRESENTATION_CONTEXT('2D SPACE',''
  ) );
#1254 = ORIENTED_EDGE('',*,*,#1255,.T.);
#1255 = EDGE_CURVE('',#1228,#1256,#1258,.T.);
#1256 = VERTEX_POINT('',#1257);
#1257 = CARTESIAN_POINT('',(13.060005428846,678.77964683596,-10.));
#1258 = SURFACE_CURVE('',#1259,(#1264,#1271),.PCURVE_S1.);
#1259 = CIRCLE('',#1260,3.);
#1260 = AXIS2_PLACEMENT_3D('',#1261,#1262,#1263);
#1261 = CARTESIAN_POINT('',(11.150721725068,681.09365542248,-10.));
#1262 = DIRECTION('',(-0.,0.,1.));
#1263 = DIRECTION('',(0.258819045103,-0.965925826289,0.));
#1264 = PCURVE('',#1054,#1265);
#1265 = DEFINITIONAL_REPRESENTATION('',(#1266),#1270);
#1266 = CIRCLE('',#1267,3.);
#1267 = AXIS2_PLACEMENT_2D('',#1268,#1269);
#1268 = CARTESIAN_POINT('',(-26.37002235927,-49.83763662626));
#1269 = DIRECTION('',(0.,-1.));
#1270 = ( GEOMETRIC_REPRESENTATION_CONTEXT(2) 
PARAMETRIC_REPRESENTATION_CONTEXT() REPRESENTATION_CONTEXT('2D SPACE',''
  ) );
#1271 = PCURVE('',#1272,#1277);
#1272 = CYLINDRICAL_SURFACE('',#1273,3.);
#1273 = AXIS2_PLACEMENT_3D('',#1274,#1275,#1276);
#1274 = CARTESIAN_POINT('',(11.150721725068,681.09365542248,-10.));
#1275 = DIRECTION('',(0.,0.,1.));
#1276 = DIRECTION('',(0.258819045103,-0.965925826289,0.));
#1277 = DEFINITIONAL_REPRESENTATION('',(#1278),#1282);
#1278 = LINE('',#1279,#1280);
#1279 = CARTESIAN_POINT('',(0.,0.));
#1280 = VECTOR('',#1281,1.);
#1281 = DIRECTION('',(1.,0.));
#1282 = ( GEOMETRIC_REPRESENTATION_CONTEXT(2) 
PARAMETRIC_REPRESENTATION_CONTEXT() REPRESENTATION_CONTEXT('2D SPACE',''
  ) );
#1283 = ORIENTED_EDGE('',*,*,#1284,.T.);
#1284 = EDGE_CURVE('',#1256,#1285,#1287,.T.);
#1285 = VERTEX_POINT('',#1286);
#1286 = CARTESIAN_POINT('',(123.86168815246,770.20188632459,-10.));
#1287 = SURFACE_CURVE('',#1288,(#1292,#1299),.PCURVE_S1.);
#1288 = LINE('',#1289,#1290);
#1289 = CARTESIAN_POINT('',(12.557035741758,678.36464758633,-10.));
#1290 = VECTOR('',#1291,1.);
#1291 = DIRECTION('',(0.771336195506,0.63642790126,0.));
#1292 = PCURVE('',#1054,#1293);
#1293 = DEFINITIONAL_REPRESENTATION('',(#1294),#1298);
#1294 = LINE('',#1295,#1296);
#1295 = CARTESIAN_POINT('',(-25.71794653291,-52.83763662626));
#1296 = VECTOR('',#1297,1.);
#1297 = DIRECTION('',(0.909773213672,0.415105648824));
#1298 = ( GEOMETRIC_REPRESENTATION_CONTEXT(2) 
PARAMETRIC_REPRESENTATION_CONTEXT() REPRESENTATION_CONTEXT('2D SPACE',''
  ) );
#1299 = PCURVE('',#1300,#1305);
#1300 = PLANE('',#1301);
#1301 = AXIS2_PLACEMENT_3D('',#1302,#1303,#1304);
#1302 = CARTESIAN_POINT('',(12.557035741758,678.36464758633,-10.));
#1303 = DIRECTION('',(-0.63642790126,0.771336195506,0.));
#1304 = DIRECTION('',(0.771336195506,0.63642790126,0.));
#1305 = DEFINITIONAL_REPRESENTATION('',(#1306),#1310);
#1306 = LINE('',#1307,#1308);
#1307 = CARTESIAN_POINT('',(0.,0.));
#1308 = VECTOR('',#1309,1.);
#1309 = DIRECTION('',(1.,0.));
#1310 = ( GEOMETRIC_REPRESENTATION_CONTEXT(2) 
PARAMETRIC_REPRESENTATION_CONTEXT() REPRESENTATION_CONTEXT('2D SPACE',''
  ) );
#1311 = ORIENTED_EDGE('',*,*,#1312,.T.);
#1312 = EDGE_CURVE('',#1285,#1313,#1315,.T.);
#1313 = VERTEX_POINT('',#1314);
#1314 = CARTESIAN_POINT('',(124.2058535728,770.5354992322,-10.));
#1315 = SURFACE_CURVE('',#1316,(#1321,#1328),.PCURVE_S1.);
#1316 = CIRCLE('',#1317,3.);
#1317 = AXIS2_PLACEMENT_3D('',#1318,#1319,#1320);
#1318 = CARTESIAN_POINT('',(121.95240444869,772.5158949111,-10.));
#1319 = DIRECTION('',(-0.,0.,1.));
#1320 = DIRECTION('',(0.258819045103,-0.965925826289,0.));
#1321 = PCURVE('',#1054,#1322);
#1322 = DEFINITIONAL_REPRESENTATION('',(#1323),#1327);
#1323 = CIRCLE('',#1324,3.);
#1324 = AXIS2_PLACEMENT_2D('',#1325,#1326);
#1325 = CARTESIAN_POINT('',(104.31800130534,9.791879874701));
#1326 = DIRECTION('',(0.,-1.));
#1327 = ( GEOMETRIC_REPRESENTATION_CONTEXT(2) 
PARAMETRIC_REPRESENTATION_CONTEXT() REPRESENTATION_CONTEXT('2D SPACE',''
  ) );
#1328 = PCURVE('',#1329,#1334);
#1329 = CYLINDRICAL_SURFACE('',#1330,3.);
#1330 = AXIS2_PLACEMENT_3D('',#1331,#1332,#1333);
#1331 = CARTESIAN_POINT('',(121.95240444869,772.5158949111,-10.));
#1332 = DIRECTION('',(0.,0.,1.));
#1333 = DIRECTION('',(0.63642790126,-0.771336195506,0.));
#1334 = DEFINITIONAL_REPRESENTATION('',(#1335),#1339);
#1335 = LINE('',#1336,#1337);
#1336 = CARTESIAN_POINT('',(-0.428058926446,0.));
#1337 = VECTOR('',#1338,1.);
#1338 = DIRECTION('',(1.,0.));
#1339 = ( GEOMETRIC_REPRESENTATION_CONTEXT(2) 
PARAMETRIC_REPRESENTATION_CONTEXT() REPRESENTATION_CONTEXT('2D SPACE',''
  ) );
#1340 = ORIENTED_EDGE('',*,*,#1341,.T.);
#1341 = EDGE_CURVE('',#1313,#1342,#1344,.T.);
#1342 = VERTEX_POINT('',#1343);
#1343 = CARTESIAN_POINT('',(132.50782114454,779.98212737439,-10.));
#1344 = SURFACE_CURVE('',#1345,(#1349,#1356),.PCURVE_S1.);
#1345 = LINE('',#1346,#1347);
#1346 = CARTESIAN_POINT('',(124.04713919261,770.35490159465,-10.));
#1347 = VECTOR('',#1348,1.);
#1348 = DIRECTION('',(0.660131892967,0.751149708039,0.));
#1349 = PCURVE('',#1054,#1350);
#1350 = DEFINITIONAL_REPRESENTATION('',(#1351),#1355);
#1351 = LINE('',#1352,#1353);
#1352 = CARTESIAN_POINT('',(105.78205346709,7.162363373737));
#1353 = VECTOR('',#1354,1.);
#1354 = DIRECTION('',(0.832050294338,0.554700196225));
#1355 = ( GEOMETRIC_REPRESENTATION_CONTEXT(2) 
PARAMETRIC_REPRESENTATION_CONTEXT() REPRESENTATION_CONTEXT('2D SPACE',''
  ) );
#1356 = PCURVE('',#1357,#1362);
#1357 = PLANE('',#1358);
#1358 = AXIS2_PLACEMENT_3D('',#1359,#1360,#1361);
#1359 = CARTESIAN_POINT('',(124.04713919261,770.35490159465,-10.));
#1360 = DIRECTION('',(-0.751149708039,0.660131892967,0.));
#1361 = DIRECTION('',(0.660131892967,0.751149708039,0.));
#1362 = DEFINITIONAL_REPRESENTATION('',(#1363),#1367);
#1363 = LINE('',#1364,#1365);
#1364 = CARTESIAN_POINT('',(0.,0.));
#1365 = VECTOR('',#1366,1.);
#1366 = DIRECTION('',(1.,0.));
#1367 = ( GEOMETRIC_REPRESENTATION_CONTEXT(2) 
PARAMETRIC_REPRESENTATION_CONTEXT() REPRESENTATION_CONTEXT('2D SPACE',''
  ) );
#1368 = ORIENTED_EDGE('',*,*,#1369,.T.);
#1369 = EDGE_CURVE('',#1342,#1370,#1372,.T.);
#1370 = VERTEX_POINT('',#1371);
#1371 = CARTESIAN_POINT('',(133.15214949928,782.7389801886,-10.));
#1372 = SURFACE_CURVE('',#1373,(#1378,#1385),.PCURVE_S1.);
#1373 = CIRCLE('',#1374,3.);
#1374 = AXIS2_PLACEMENT_3D('',#1375,#1376,#1377);
#1375 = CARTESIAN_POINT('',(130.25437202042,781.96252305329,-10.));
#1376 = DIRECTION('',(-0.,0.,1.));
#1377 = DIRECTION('',(0.258819045103,-0.965925826289,0.));
#1378 = PCURVE('',#1054,#1379);
#1379 = DEFINITIONAL_REPRESENTATION('',(#1380),#1384);
#1380 = CIRCLE('',#1381,3.);
#1381 = AXIS2_PLACEMENT_2D('',#1382,#1383);
#1382 = CARTESIAN_POINT('',(114.78205346709,16.767914649201));
#1383 = DIRECTION('',(0.,-1.));
#1384 = ( GEOMETRIC_REPRESENTATION_CONTEXT(2) 
PARAMETRIC_REPRESENTATION_CONTEXT() REPRESENTATION_CONTEXT('2D SPACE',''
  ) );
#1385 = PCURVE('',#1386,#1391);
#1386 = CYLINDRICAL_SURFACE('',#1387,3.);
#1387 = AXIS2_PLACEMENT_3D('',#1388,#1389,#1390);
#1388 = CARTESIAN_POINT('',(130.25437202042,781.96252305329,-10.));
#1389 = DIRECTION('',(0.,0.,1.));
#1390 = DIRECTION('',(0.751149708039,-0.660131892967,0.));
#1391 = DEFINITIONAL_REPRESENTATION('',(#1392),#1396);
#1392 = LINE('',#1393,#1394);
#1393 = CARTESIAN_POINT('',(-0.588002603548,0.));
#1394 = VECTOR('',#1395,1.);
#1395 = DIRECTION('',(1.,0.));
#1396 = ( GEOMETRIC_REPRESENTATION_CONTEXT(2) 
PARAMETRIC_REPRESENTATION_CONTEXT() REPRESENTATION_CONTEXT('2D SPACE',''
  ) );
#1397 = ORIENTED_EDGE('',*,*,#1398,.T.);
#1398 = EDGE_CURVE('',#1370,#1399,#1401,.T.);
#1399 = VERTEX_POINT('',#1400);
#1400 = CARTESIAN_POINT('',(131.23832534134,789.8814691828,-10.));
#1401 = SURFACE_CURVE('',#1402,(#1406,#1413),.PCURVE_S1.);
#1402 = LINE('',#1403,#1404);
#1403 = CARTESIAN_POINT('',(133.56769674726,781.1881367462,-10.));
#1404 = VECTOR('',#1405,1.);
#1405 = DIRECTION('',(-0.258819045103,0.965925826289,0.));
#1406 = PCURVE('',#1054,#1407);
#1407 = DEFINITIONAL_REPRESENTATION('',(#1408),#1412);
#1408 = LINE('',#1409,#1410);
#1409 = CARTESIAN_POINT('',(117.78205346709,15.162363373737));
#1410 = VECTOR('',#1411,1.);
#1411 = DIRECTION('',(0.,1.));
#1412 = ( GEOMETRIC_REPRESENTATION_CONTEXT(2) 
PARAMETRIC_REPRESENTATION_CONTEXT() REPRESENTATION_CONTEXT('2D SPACE',''
  ) );
#1413 = PCURVE('',#1414,#1419);
#1414 = PLANE('',#1415);
#1415 = AXIS2_PLACEMENT_3D('',#1416,#1417,#1418);
#1416 = CARTESIAN_POINT('',(133.56769674726,781.1881367462,-10.));
#1417 = DIRECTION('',(-0.965925826289,-0.258819045103,0.));
#1418 = DIRECTION('',(-0.258819045103,0.965925826289,0.));
#1419 = DEFINITIONAL_REPRESENTATION('',(#1420),#1424);
#1420 = LINE('',#1421,#1422);
#1421 = CARTESIAN_POINT('',(0.,0.));
#1422 = VECTOR('',#1423,1.);
#1423 = DIRECTION('',(1.,0.));
#1424 = ( GEOMETRIC_REPRESENTATION_CONTEXT(2) 
PARAMETRIC_REPRESENTATION_CONTEXT() REPRESENTATION_CONTEXT('2D SPACE',''
  ) );
#1425 = ORIENTED_EDGE('',*,*,#1426,.T.);
#1426 = EDGE_CURVE('',#1399,#1427,#1429,.T.);
#1427 = VERTEX_POINT('',#1428);
#1428 = CARTESIAN_POINT('',(127.56409072717,792.00278952636,-10.));
#1429 = SURFACE_CURVE('',#1430,(#1435,#1442),.PCURVE_S1.);
#1430 = CIRCLE('',#1431,3.);
#1431 = AXIS2_PLACEMENT_3D('',#1432,#1433,#1434);
#1432 = CARTESIAN_POINT('',(128.34054786247,789.10501204749,-10.));
#1433 = DIRECTION('',(-0.,0.,1.));
#1434 = DIRECTION('',(0.258819045103,-0.965925826289,0.));
#1435 = PCURVE('',#1054,#1436);
#1436 = DEFINITIONAL_REPRESENTATION('',(#1437),#1441);
#1437 = CIRCLE('',#1438,3.);
#1438 = AXIS2_PLACEMENT_2D('',#1439,#1440);
#1439 = CARTESIAN_POINT('',(114.78205346709,24.162363373737));
#1440 = DIRECTION('',(0.,-1.));
#1441 = ( GEOMETRIC_REPRESENTATION_CONTEXT(2) 
PARAMETRIC_REPRESENTATION_CONTEXT() REPRESENTATION_CONTEXT('2D SPACE',''
  ) );
#1442 = PCURVE('',#1443,#1448);
#1443 = CYLINDRICAL_SURFACE('',#1444,3.);
#1444 = AXIS2_PLACEMENT_3D('',#1445,#1446,#1447);
#1445 = CARTESIAN_POINT('',(128.34054786247,789.10501204749,-10.));
#1446 = DIRECTION('',(0.,0.,1.));
#1447 = DIRECTION('',(0.965925826289,0.258819045103,0.));
#1448 = DEFINITIONAL_REPRESENTATION('',(#1449),#1453);
#1449 = LINE('',#1450,#1451);
#1450 = CARTESIAN_POINT('',(-1.570796326795,0.));
#1451 = VECTOR('',#1452,1.);
#1452 = DIRECTION('',(1.,0.));
#1453 = ( GEOMETRIC_REPRESENTATION_CONTEXT(2) 
PARAMETRIC_REPRESENTATION_CONTEXT() REPRESENTATION_CONTEXT('2D SPACE',''
  ) );
#1454 = ORIENTED_EDGE('',*,*,#1455,.T.);
#1455 = EDGE_CURVE('',#1427,#1456,#1458,.T.);
#1456 = VERTEX_POINT('',#1457);
#1457 = CARTESIAN_POINT('',(-83.97366523013,735.32141864891,-10.));
#1458 = SURFACE_CURVE('',#1459,(#1463,#1470),.PCURVE_S1.);
#1459 = LINE('',#1460,#1461);
#1460 = CARTESIAN_POINT('',(130.46186820603,792.77924666167,-10.));
#1461 = VECTOR('',#1462,1.);
#1462 = DIRECTION('',(-0.965925826289,-0.258819045103,0.));
#1463 = PCURVE('',#1054,#1464);
#1464 = DEFINITIONAL_REPRESENTATION('',(#1465),#1469);
#1465 = LINE('',#1466,#1467);
#1466 = CARTESIAN_POINT('',(117.78205346709,27.162363373737));
#1467 = VECTOR('',#1468,1.);
#1468 = DIRECTION('',(-1.,0.));
#1469 = ( GEOMETRIC_REPRESENTATION_CONTEXT(2) 
PARAMETRIC_REPRESENTATION_CONTEXT() REPRESENTATION_CONTEXT('2D SPACE',''
  ) );
#1470 = PCURVE('',#1471,#1476);
#1471 = PLANE('',#1472);
#1472 = AXIS2_PLACEMENT_3D('',#1473,#1474,#1475);
#1473 = CARTESIAN_POINT('',(130.46186820603,792.77924666167,-10.));
#1474 = DIRECTION('',(0.258819045103,-0.965925826289,0.));
#1475 = DIRECTION('',(-0.965925826289,-0.258819045103,0.));
#1476 = DEFINITIONAL_REPRESENTATION('',(#1477),#1481);
#1477 = LINE('',#1478,#1479);
#1478 = CARTESIAN_POINT('',(0.,0.));
#1479 = VECTOR('',#1480,1.);
#1480 = DIRECTION('',(1.,0.));
#1481 = ( GEOMETRIC_REPRESENTATION_CONTEXT(2) 
PARAMETRIC_REPRESENTATION_CONTEXT() REPRESENTATION_CONTEXT('2D SPACE',''
  ) );
#1482 = ORIENTED_EDGE('',*,*,#1483,.T.);
#1483 = EDGE_CURVE('',#1456,#1484,#1486,.T.);
#1484 = VERTEX_POINT('',#1485);
#1485 = CARTESIAN_POINT('',(-86.09498557369,731.64718403473,-10.));
#1486 = SURFACE_CURVE('',#1487,(#1492,#1499),.PCURVE_S1.);
#1487 = CIRCLE('',#1488,3.);
#1488 = AXIS2_PLACEMENT_3D('',#1489,#1490,#1491);
#1489 = CARTESIAN_POINT('',(-83.19720809482,732.42364117004,-10.));
#1490 = DIRECTION('',(-0.,0.,1.));
#1491 = DIRECTION('',(0.258819045103,-0.965925826289,0.));
#1492 = PCURVE('',#1054,#1493);
#1493 = DEFINITIONAL_REPRESENTATION('',(#1494),#1498);
#1494 = CIRCLE('',#1495,3.);
#1495 = AXIS2_PLACEMENT_2D('',#1496,#1497);
#1496 = CARTESIAN_POINT('',(-104.2179465329,24.162363373737));
#1497 = DIRECTION('',(0.,-1.));
#1498 = ( GEOMETRIC_REPRESENTATION_CONTEXT(2) 
PARAMETRIC_REPRESENTATION_CONTEXT() REPRESENTATION_CONTEXT('2D SPACE',''
  ) );
#1499 = PCURVE('',#1500,#1505);
#1500 = CYLINDRICAL_SURFACE('',#1501,3.);
#1501 = AXIS2_PLACEMENT_3D('',#1502,#1503,#1504);
#1502 = CARTESIAN_POINT('',(-83.19720809482,732.42364117004,-10.));
#1503 = DIRECTION('',(0.,0.,1.));
#1504 = DIRECTION('',(-0.258819045103,0.965925826289,0.));
#1505 = DEFINITIONAL_REPRESENTATION('',(#1506),#1510);
#1506 = LINE('',#1507,#1508);
#1507 = CARTESIAN_POINT('',(-3.14159265359,0.));
#1508 = VECTOR('',#1509,1.);
#1509 = DIRECTION('',(1.,0.));
#1510 = ( GEOMETRIC_REPRESENTATION_CONTEXT(2) 
PARAMETRIC_REPRESENTATION_CONTEXT() REPRESENTATION_CONTEXT('2D SPACE',''
  ) );
#1511 = ORIENTED_EDGE('',*,*,#1512,.T.);
#1512 = EDGE_CURVE('',#1484,#1513,#1515,.T.);
#1513 = VERTEX_POINT('',#1514);
#1514 = CARTESIAN_POINT('',(-82.45385956627,718.05831677826,-10.));
#1515 = SURFACE_CURVE('',#1516,(#1520,#1527),.PCURVE_S1.);
#1516 = LINE('',#1517,#1518);
#1517 = CARTESIAN_POINT('',(-86.871442709,734.5449615136,-10.));
#1518 = VECTOR('',#1519,1.);
#1519 = DIRECTION('',(0.258819045103,-0.965925826289,0.));
#1520 = PCURVE('',#1054,#1521);
#1521 = DEFINITIONAL_REPRESENTATION('',(#1522),#1526);
#1522 = LINE('',#1523,#1524);
#1523 = CARTESIAN_POINT('',(-107.2179465329,27.162363373737));
#1524 = VECTOR('',#1525,1.);
#1525 = DIRECTION('',(0.,-1.));
#1526 = ( GEOMETRIC_REPRESENTATION_CONTEXT(2) 
PARAMETRIC_REPRESENTATION_CONTEXT() REPRESENTATION_CONTEXT('2D SPACE',''
  ) );
#1527 = PCURVE('',#1528,#1533);
#1528 = PLANE('',#1529);
#1529 = AXIS2_PLACEMENT_3D('',#1530,#1531,#1532);
#1530 = CARTESIAN_POINT('',(-86.871442709,734.5449615136,-10.));
#1531 = DIRECTION('',(0.965925826289,0.258819045103,0.));
#1532 = DIRECTION('',(0.258819045103,-0.965925826289,0.));
#1533 = DEFINITIONAL_REPRESENTATION('',(#1534),#1538);
#1534 = LINE('',#1535,#1536);
#1535 = CARTESIAN_POINT('',(0.,0.));
#1536 = VECTOR('',#1537,1.);
#1537 = DIRECTION('',(1.,0.));
#1538 = ( GEOMETRIC_REPRESENTATION_CONTEXT(2) 
PARAMETRIC_REPRESENTATION_CONTEXT() REPRESENTATION_CONTEXT('2D SPACE',''
  ) );
#1539 = ORIENTED_EDGE('',*,*,#1540,.T.);
#1540 = EDGE_CURVE('',#1513,#1541,#1543,.T.);
#1541 = VERTEX_POINT('',#1542);
#1542 = CARTESIAN_POINT('',(-81.5040868701,716.55326621764,-10.));
#1543 = SURFACE_CURVE('',#1544,(#1549,#1556),.PCURVE_S1.);
#1544 = CIRCLE('',#1545,3.);
#1545 = AXIS2_PLACEMENT_3D('',#1546,#1547,#1548);
#1546 = CARTESIAN_POINT('',(-79.5560820874,718.83477391357,-10.));
#1547 = DIRECTION('',(-0.,0.,1.));
#1548 = DIRECTION('',(0.258819045103,-0.965925826289,0.));
#1549 = PCURVE('',#1054,#1550);
#1550 = DEFINITIONAL_REPRESENTATION('',(#1551),#1555);
#1551 = CIRCLE('',#1552,3.);
#1552 = AXIS2_PLACEMENT_2D('',#1553,#1554);
#1553 = CARTESIAN_POINT('',(-104.2179465329,10.094132784359));
#1554 = DIRECTION('',(0.,-1.));
#1555 = ( GEOMETRIC_REPRESENTATION_CONTEXT(2) 
PARAMETRIC_REPRESENTATION_CONTEXT() REPRESENTATION_CONTEXT('2D SPACE',''
  ) );
#1556 = PCURVE('',#1557,#1562);
#1557 = CYLINDRICAL_SURFACE('',#1558,3.);
#1558 = AXIS2_PLACEMENT_3D('',#1559,#1560,#1561);
#1559 = CARTESIAN_POINT('',(-79.5560820874,718.83477391357,-10.));
#1560 = DIRECTION('',(0.,0.,1.));
#1561 = DIRECTION('',(-0.965925826289,-0.258819045103,0.));
#1562 = DEFINITIONAL_REPRESENTATION('',(#1563),#1567);
#1563 = LINE('',#1564,#1565);
#1564 = CARTESIAN_POINT('',(-4.712388980385,0.));
#1565 = VECTOR('',#1566,1.);
#1566 = DIRECTION('',(1.,0.));
#1567 = ( GEOMETRIC_REPRESENTATION_CONTEXT(2) 
PARAMETRIC_REPRESENTATION_CONTEXT() REPRESENTATION_CONTEXT('2D SPACE',''
  ) );
#1568 = ORIENTED_EDGE('',*,*,#1569,.T.);
#1569 = EDGE_CURVE('',#1541,#1570,#1572,.T.);
#1570 = VERTEX_POINT('',#1571);
#1571 = CARTESIAN_POINT('',(-31.27312835,673.66489568471,-10.));
#1572 = SURFACE_CURVE('',#1573,(#1577,#1584),.PCURVE_S1.);
#1573 = LINE('',#1574,#1575);
#1574 = CARTESIAN_POINT('',(-82.21269989715,717.1582966404,-10.));
#1575 = VECTOR('',#1576,1.);
#1576 = DIRECTION('',(0.760502565309,-0.649334927566,0.));
#1577 = PCURVE('',#1054,#1578);
#1578 = DEFINITIONAL_REPRESENTATION('',(#1579),#1583);
#1579 = LINE('',#1580,#1581);
#1580 = CARTESIAN_POINT('',(-107.2179465329,9.162363373737));
#1581 = VECTOR('',#1582,1.);
#1582 = DIRECTION('',(0.566528822887,-0.824041924199));
#1583 = ( GEOMETRIC_REPRESENTATION_CONTEXT(2) 
PARAMETRIC_REPRESENTATION_CONTEXT() REPRESENTATION_CONTEXT('2D SPACE',''
  ) );
#1584 = PCURVE('',#1585,#1590);
#1585 = PLANE('',#1586);
#1586 = AXIS2_PLACEMENT_3D('',#1587,#1588,#1589);
#1587 = CARTESIAN_POINT('',(-82.21269989715,717.1582966404,-10.));
#1588 = DIRECTION('',(0.649334927566,0.760502565309,0.));
#1589 = DIRECTION('',(0.760502565309,-0.649334927566,0.));
#1590 = DEFINITIONAL_REPRESENTATION('',(#1591),#1595);
#1591 = LINE('',#1592,#1593);
#1592 = CARTESIAN_POINT('',(0.,0.));
#1593 = VECTOR('',#1594,1.);
#1594 = DIRECTION('',(1.,0.));
#1595 = ( GEOMETRIC_REPRESENTATION_CONTEXT(2) 
PARAMETRIC_REPRESENTATION_CONTEXT() REPRESENTATION_CONTEXT('2D SPACE',''
  ) );
#1596 = ORIENTED_EDGE('',*,*,#1597,.T.);
#1597 = EDGE_CURVE('',#1570,#1598,#1600,.T.);
#1598 = VERTEX_POINT('',#1599);
#1599 = CARTESIAN_POINT('',(-29.55737063595,672.955406674,-10.));
#1600 = SURFACE_CURVE('',#1601,(#1606,#1613),.PCURVE_S1.);
#1601 = CIRCLE('',#1602,3.);
#1602 = AXIS2_PLACEMENT_3D('',#1603,#1604,#1605);
#1603 = CARTESIAN_POINT('',(-29.3251235673,675.94640338064,-10.));
#1604 = DIRECTION('',(-0.,0.,1.));
#1605 = DIRECTION('',(0.258819045103,-0.965925826289,0.));
#1606 = PCURVE('',#1054,#1607);
#1607 = DEFINITIONAL_REPRESENTATION('',(#1608),#1612);
#1608 = CIRCLE('',#1609,3.);
#1609 = AXIS2_PLACEMENT_2D('',#1610,#1611);
#1610 = CARTESIAN_POINT('',(-66.79889352643,-44.33358067961));
#1611 = DIRECTION('',(0.,-1.));
#1612 = ( GEOMETRIC_REPRESENTATION_CONTEXT(2) 
PARAMETRIC_REPRESENTATION_CONTEXT() REPRESENTATION_CONTEXT('2D SPACE',''
  ) );
#1613 = PCURVE('',#1614,#1619);
#1614 = CYLINDRICAL_SURFACE('',#1615,3.);
#1615 = AXIS2_PLACEMENT_3D('',#1616,#1617,#1618);
#1616 = CARTESIAN_POINT('',(-29.3251235673,675.94640338064,-10.));
#1617 = DIRECTION('',(0.,0.,1.));
#1618 = DIRECTION('',(-0.649334927566,-0.760502565309,0.));
#1619 = DEFINITIONAL_REPRESENTATION('',(#1620),#1624);
#1620 = LINE('',#1621,#1622);
#1621 = CARTESIAN_POINT('',(-5.31467632652,0.));
#1622 = VECTOR('',#1623,1.);
#1623 = DIRECTION('',(1.,0.));
#1624 = ( GEOMETRIC_REPRESENTATION_CONTEXT(2) 
PARAMETRIC_REPRESENTATION_CONTEXT() REPRESENTATION_CONTEXT('2D SPACE',''
  ) );
#1625 = ORIENTED_EDGE('',*,*,#1626,.T.);
#1626 = EDGE_CURVE('',#1598,#1125,#1627,.T.);
#1627 = SURFACE_CURVE('',#1628,(#1632,#1639),.PCURVE_S1.);
#1628 = LINE('',#1629,#1630);
#1629 = CARTESIAN_POINT('',(-30.53068905928,673.03098360465,-10.));
#1630 = VECTOR('',#1631,1.);
#1631 = DIRECTION('',(0.996998902212,-7.741568955011E-02,0.));
#1632 = PCURVE('',#1054,#1633);
#1633 = DEFINITIONAL_REPRESENTATION('',(#1634),#1638);
#1634 = LINE('',#1635,#1636);
#1635 = CARTESIAN_POINT('',(-68.71794653291,-46.83763662626));
#1636 = VECTOR('',#1637,1.);
#1637 = DIRECTION('',(0.942990333583,-0.332820117735));
#1638 = ( GEOMETRIC_REPRESENTATION_CONTEXT(2) 
PARAMETRIC_REPRESENTATION_CONTEXT() REPRESENTATION_CONTEXT('2D SPACE',''
  ) );
#1639 = PCURVE('',#1640,#1645);
#1640 = PLANE('',#1641);
#1641 = AXIS2_PLACEMENT_3D('',#1642,#1643,#1644);
#1642 = CARTESIAN_POINT('',(-30.53068905928,673.03098360465,-10.));
#1643 = DIRECTION('',(7.741568955011E-02,0.996998902212,0.));
#1644 = DIRECTION('',(0.996998902212,-7.741568955011E-02,0.));
#1645 = DEFINITIONAL_REPRESENTATION('',(#1646),#1650);
#1646 = LINE('',#1647,#1648);
#1647 = CARTESIAN_POINT('',(0.,0.));
#1648 = VECTOR('',#1649,1.);
#1649 = DIRECTION('',(1.,0.));
#1650 = ( GEOMETRIC_REPRESENTATION_CONTEXT(2) 
PARAMETRIC_REPRESENTATION_CONTEXT() REPRESENTATION_CONTEXT('2D SPACE',''
  ) );
#1651 = ADVANCED_FACE('',(#1652),#1109,.T.);
#1652 = FACE_BOUND('',#1653,.F.);
#1653 = EDGE_LOOP('',(#1654,#1706,#1729,#1756,#1757,#1807,#1829,#1830,
    #1852,#1853,#1854,#1934,#1963,#1991,#2020,#2043));
#1654 = ORIENTED_EDGE('',*,*,#1655,.F.);
#1655 = EDGE_CURVE('',#1656,#1658,#1660,.T.);
#1656 = VERTEX_POINT('',#1657);
#1657 = CARTESIAN_POINT('',(12.538472062464,678.43392818063,0.));
#1658 = VERTEX_POINT('',#1659);
#1659 = CARTESIAN_POINT('',(11.927178860375,678.19587794361,
    4.065558830236));
#1660 = SURFACE_CURVE('',#1661,(#1674,#1690),.PCURVE_S1.);
#1661 = B_SPLINE_CURVE_WITH_KNOTS('',6,(#1662,#1663,#1664,#1665,#1666,
    #1667,#1668,#1669,#1670,#1671,#1672,#1673),.UNSPECIFIED.,.F.,.F.,(7,
    5,7),(0.,0.507063152617,1.),.UNSPECIFIED.);
#1662 = CARTESIAN_POINT('',(12.538472062464,678.43392818063,
    -3.368397678292E-15));
#1663 = CARTESIAN_POINT('',(12.538472062464,678.43392818063,
    0.346980305731));
#1664 = CARTESIAN_POINT('',(12.528377795837,678.42866175635,
    0.693911174957));
#1665 = CARTESIAN_POINT('',(12.508194913936,678.41812977172,
    1.040578552193));
#1666 = CARTESIAN_POINT('',(12.477819040967,678.40264807289,
    1.386740067098));
#1667 = CARTESIAN_POINT('',(12.437049045446,678.38283470121,
    1.732124705658));
#1668 = CARTESIAN_POINT('',(12.335584891514,678.33700688903,
    2.411148164452));
#1669 = CARTESIAN_POINT('',(12.275476990068,678.31118030205,
    2.744849136473));
#1670 = CARTESIAN_POINT('',(12.204997215893,678.28294148311,
    3.077377956313));
#1671 = CARTESIAN_POINT('',(12.123768020843,678.25336837528,
    3.408542525596));
#1672 = CARTESIAN_POINT('',(12.031331093701,678.22378545042,
    3.738068476103));
#1673 = CARTESIAN_POINT('',(11.927178860375,678.19587794361,
    4.065558830236));
#1674 = PCURVE('',#1109,#1675);
#1675 = DEFINITIONAL_REPRESENTATION('',(#1676),#1689);
#1676 = B_SPLINE_CURVE_WITH_KNOTS('',6,(#1677,#1678,#1679,#1680,#1681,
    #1682,#1683,#1684,#1685,#1686,#1687,#1688),.UNSPECIFIED.,.F.,.F.,(7,
    5,7),(0.,0.507063152617,1.),.UNSPECIFIED.);
#1677 = CARTESIAN_POINT('',(0.,-7.928275450956));
#1678 = CARTESIAN_POINT('',(-2.669079274853E-02,-7.928275450956));
#1679 = CARTESIAN_POINT('',(-5.337778754612E-02,-7.930749837734));
#1680 = CARTESIAN_POINT('',(-8.007872093033E-02,-7.935699239467));
#1681 = CARTESIAN_POINT('',(-0.106809174894,-7.942791557767));
#1682 = CARTESIAN_POINT('',(-0.133582985777,-7.951377753865));
#1683 = CARTESIAN_POINT('',(-0.186494871089,-7.969383165777));
#1684 = CARTESIAN_POINT('',(-0.212630103149,-7.97877266349));
#1685 = CARTESIAN_POINT('',(-0.238839039077,-7.987807760163));
#1686 = CARTESIAN_POINT('',(-0.265140689897,-7.995349526082));
#1687 = CARTESIAN_POINT('',(-0.291549518564,-8.));
#1688 = CARTESIAN_POINT('',(-0.318071414028,-8.));
#1689 = ( GEOMETRIC_REPRESENTATION_CONTEXT(2) 
PARAMETRIC_REPRESENTATION_CONTEXT() REPRESENTATION_CONTEXT('2D SPACE',''
  ) );
#1690 = PCURVE('',#1272,#1691);
#1691 = DEFINITIONAL_REPRESENTATION('',(#1692),#1705);
#1692 = B_SPLINE_CURVE_WITH_KNOTS('',6,(#1693,#1694,#1695,#1696,#1697,
    #1698,#1699,#1700,#1701,#1702,#1703,#1704),.UNSPECIFIED.,.F.,.F.,(7,
    5,7),(0.,0.507063152617,1.),.UNSPECIFIED.);
#1693 = CARTESIAN_POINT('',(0.219107562474,10.));
#1694 = CARTESIAN_POINT('',(0.219107562474,10.346980305731));
#1695 = CARTESIAN_POINT('',(0.215312832163,10.693911174957));
#1696 = CARTESIAN_POINT('',(0.207723079097,11.040578552193));
#1697 = CARTESIAN_POINT('',(0.196360324761,11.386740067098));
#1698 = CARTESIAN_POINT('',(0.181256048648,11.732124705658));
#1699 = CARTESIAN_POINT('',(0.144144860005,12.411148164452));
#1700 = CARTESIAN_POINT('',(0.122341351682,12.744849136473));
#1701 = CARTESIAN_POINT('',(9.70452631933E-02,13.077377956313));
#1702 = CARTESIAN_POINT('',(6.825676681561E-02,13.408542525596));
#1703 = CARTESIAN_POINT('',(3.59421087663E-02,13.738068476103));
#1704 = CARTESIAN_POINT('',(0.,14.065558830236));
#1705 = ( GEOMETRIC_REPRESENTATION_CONTEXT(2) 
PARAMETRIC_REPRESENTATION_CONTEXT() REPRESENTATION_CONTEXT('2D SPACE',''
  ) );
#1706 = ORIENTED_EDGE('',*,*,#1707,.T.);
#1707 = EDGE_CURVE('',#1656,#1708,#1710,.T.);
#1708 = VERTEX_POINT('',#1709);
#1709 = CARTESIAN_POINT('',(22.133340410551,642.62539201363,0.));
#1710 = SEAM_CURVE('',#1711,(#1715,#1722),.PCURVE_S1.);
#1711 = LINE('',#1712,#1713);
#1712 = CARTESIAN_POINT('',(10.486483380938,686.09205419664,0.));
#1713 = VECTOR('',#1714,1.);
#1714 = DIRECTION('',(0.258819045103,-0.965925826289,0.));
#1715 = PCURVE('',#1109,#1716);
#1716 = DEFINITIONAL_REPRESENTATION('',(#1717),#1721);
#1717 = LINE('',#1718,#1719);
#1718 = CARTESIAN_POINT('',(-6.28318530718,0.));
#1719 = VECTOR('',#1720,1.);
#1720 = DIRECTION('',(-0.,-1.));
#1721 = ( GEOMETRIC_REPRESENTATION_CONTEXT(2) 
PARAMETRIC_REPRESENTATION_CONTEXT() REPRESENTATION_CONTEXT('2D SPACE',''
  ) );
#1722 = PCURVE('',#1109,#1723);
#1723 = DEFINITIONAL_REPRESENTATION('',(#1724),#1728);
#1724 = LINE('',#1725,#1726);
#1725 = CARTESIAN_POINT('',(-0.,0.));
#1726 = VECTOR('',#1727,1.);
#1727 = DIRECTION('',(-0.,-1.));
#1728 = ( GEOMETRIC_REPRESENTATION_CONTEXT(2) 
PARAMETRIC_REPRESENTATION_CONTEXT() REPRESENTATION_CONTEXT('2D SPACE',''
  ) );
#1729 = ORIENTED_EDGE('',*,*,#1730,.T.);
#1730 = EDGE_CURVE('',#1708,#1708,#1731,.T.);
#1731 = SURFACE_CURVE('',#1732,(#1737,#1744),.PCURVE_S1.);
#1732 = CIRCLE('',#1733,13.);
#1733 = AXIS2_PLACEMENT_3D('',#1734,#1735,#1736);
#1734 = CARTESIAN_POINT('',(9.576304668793,639.2607444273,0.));
#1735 = DIRECTION('',(0.258819045103,-0.965925826289,0.));
#1736 = DIRECTION('',(0.965925826289,0.258819045103,0.));
#1737 = PCURVE('',#1109,#1738);
#1738 = DEFINITIONAL_REPRESENTATION('',(#1739),#1743);
#1739 = LINE('',#1740,#1741);
#1740 = CARTESIAN_POINT('',(-0.,-45.));
#1741 = VECTOR('',#1742,1.);
#1742 = DIRECTION('',(-1.,0.));
#1743 = ( GEOMETRIC_REPRESENTATION_CONTEXT(2) 
PARAMETRIC_REPRESENTATION_CONTEXT() REPRESENTATION_CONTEXT('2D SPACE',''
  ) );
#1744 = PCURVE('',#1745,#1750);
#1745 = PLANE('',#1746);
#1746 = AXIS2_PLACEMENT_3D('',#1747,#1748,#1749);
#1747 = CARTESIAN_POINT('',(9.576304668793,639.2607444273,
    1.152322960418E-15));
#1748 = DIRECTION('',(0.258819045103,-0.965925826289,-0.));
#1749 = DIRECTION('',(0.,0.,-1.));
#1750 = DEFINITIONAL_REPRESENTATION('',(#1751),#1755);
#1751 = CIRCLE('',#1752,13.);
#1752 = AXIS2_PLACEMENT_2D('',#1753,#1754);
#1753 = CARTESIAN_POINT('',(1.152322960418E-15,0.));
#1754 = DIRECTION('',(0.,1.));
#1755 = ( GEOMETRIC_REPRESENTATION_CONTEXT(2) 
PARAMETRIC_REPRESENTATION_CONTEXT() REPRESENTATION_CONTEXT('2D SPACE',''
  ) );
#1756 = ORIENTED_EDGE('',*,*,#1707,.F.);
#1757 = ORIENTED_EDGE('',*,*,#1758,.F.);
#1758 = EDGE_CURVE('',#1759,#1656,#1761,.T.);
#1759 = VERTEX_POINT('',#1760);
#1760 = CARTESIAN_POINT('',(11.927178860375,678.19587794361,
    -4.065558830236));
#1761 = SURFACE_CURVE('',#1762,(#1775,#1791),.PCURVE_S1.);
#1762 = B_SPLINE_CURVE_WITH_KNOTS('',6,(#1763,#1764,#1765,#1766,#1767,
    #1768,#1769,#1770,#1771,#1772,#1773,#1774),.UNSPECIFIED.,.F.,.F.,(7,
    5,7),(0.,0.493610603369,1.),.UNSPECIFIED.);
#1763 = CARTESIAN_POINT('',(11.927178860375,678.19587794361,
    -4.065558830236));
#1764 = CARTESIAN_POINT('',(12.031473444362,678.22382359317,
    -3.737620876788));
#1765 = CARTESIAN_POINT('',(12.124020696724,678.25344924815,
    -3.407641695286));
#1766 = CARTESIAN_POINT('',(12.20533027513,678.28306276308,
    -3.07601986345));
#1767 = CARTESIAN_POINT('',(12.275862269395,678.31133470203,
    -2.743030780973));
#1768 = CARTESIAN_POINT('',(12.335995537734,678.33718337134,
    -2.408867241955));
#1769 = CARTESIAN_POINT('',(12.437319709224,678.38296625057,
    -1.729830143564));
#1770 = CARTESIAN_POINT('',(12.477980365498,678.4027302993,
    -1.384900366578));
#1771 = CARTESIAN_POINT('',(12.50827531291,678.41817172637,
    -1.039196738337));
#1772 = CARTESIAN_POINT('',(12.528404608016,678.4286757439,
    -0.692989191121));
#1773 = CARTESIAN_POINT('',(12.538472062464,678.43392818063,
    -0.346519177909));
#1774 = CARTESIAN_POINT('',(12.538472062464,678.43392818063,
    -3.552713678801E-15));
#1775 = PCURVE('',#1109,#1776);
#1776 = DEFINITIONAL_REPRESENTATION('',(#1777),#1790);
#1777 = B_SPLINE_CURVE_WITH_KNOTS('',6,(#1778,#1779,#1780,#1781,#1782,
    #1783,#1784,#1785,#1786,#1787,#1788,#1789),.UNSPECIFIED.,.F.,.F.,(7,
    5,7),(0.,0.493610603369,1.),.UNSPECIFIED.);
#1778 = CARTESIAN_POINT('',(-5.965113893151,-8.));
#1779 = CARTESIAN_POINT('',(-5.991672037568,-8.));
#1780 = CARTESIAN_POINT('',(-6.018116811042,-7.995336806214));
#1781 = CARTESIAN_POINT('',(-6.044454128975,-7.987776814778));
#1782 = CARTESIAN_POINT('',(-6.070698519131,-7.978723242189));
#1783 = CARTESIAN_POINT('',(-6.096869073211,-7.969318980018));
#1784 = CARTESIAN_POINT('',(-6.149780191275,-7.951320739885));
#1785 = CARTESIAN_POINT('',(-6.17651819247,-7.942753887008));
#1786 = CARTESIAN_POINT('',(-6.203213015824,-7.935679523167));
#1787 = CARTESIAN_POINT('',(-6.229878441506,-7.930743266298));
#1788 = CARTESIAN_POINT('',(-6.256529985802,-7.928275450956));
#1789 = CARTESIAN_POINT('',(-6.28318530718,-7.928275450956));
#1790 = ( GEOMETRIC_REPRESENTATION_CONTEXT(2) 
PARAMETRIC_REPRESENTATION_CONTEXT() REPRESENTATION_CONTEXT('2D SPACE',''
  ) );
#1791 = PCURVE('',#1272,#1792);
#1792 = DEFINITIONAL_REPRESENTATION('',(#1793),#1806);
#1793 = B_SPLINE_CURVE_WITH_KNOTS('',6,(#1794,#1795,#1796,#1797,#1798,
    #1799,#1800,#1801,#1802,#1803,#1804,#1805),.UNSPECIFIED.,.F.,.F.,(7,
    5,7),(0.,0.493610603369,1.),.UNSPECIFIED.);
#1794 = CARTESIAN_POINT('',(0.,5.934441169764));
#1795 = CARTESIAN_POINT('',(3.599123284916E-02,6.262379123212));
#1796 = CARTESIAN_POINT('',(6.834509972543E-02,6.592358304714));
#1797 = CARTESIAN_POINT('',(9.71633047763E-02,6.92398013655));
#1798 = CARTESIAN_POINT('',(0.122479637948,7.256969219027));
#1799 = CARTESIAN_POINT('',(0.144293822571,7.591132758045));
#1800 = CARTESIAN_POINT('',(0.181356321974,8.270169856436));
#1801 = CARTESIAN_POINT('',(0.19642067528,8.615099633422));
#1802 = CARTESIAN_POINT('',(0.207753314429,8.960803261663));
#1803 = CARTESIAN_POINT('',(0.215322909223,9.307010808879));
#1804 = CARTESIAN_POINT('',(0.219107562474,9.653480822091));
#1805 = CARTESIAN_POINT('',(0.219107562474,10.));
#1806 = ( GEOMETRIC_REPRESENTATION_CONTEXT(2) 
PARAMETRIC_REPRESENTATION_CONTEXT() REPRESENTATION_CONTEXT('2D SPACE',''
  ) );
#1807 = ORIENTED_EDGE('',*,*,#1808,.T.);
#1808 = EDGE_CURVE('',#1759,#1205,#1809,.T.);
#1809 = SURFACE_CURVE('',#1810,(#1815,#1822),.PCURVE_S1.);
#1810 = CIRCLE('',#1811,13.);
#1811 = AXIS2_PLACEMENT_3D('',#1812,#1813,#1814);
#1812 = CARTESIAN_POINT('',(0.,675.,0.));
#1813 = DIRECTION('',(-0.258819045103,0.965925826289,0.));
#1814 = DIRECTION('',(0.965925826289,0.258819045103,0.));
#1815 = PCURVE('',#1109,#1816);
#1816 = DEFINITIONAL_REPRESENTATION('',(#1817),#1821);
#1817 = LINE('',#1818,#1819);
#1818 = CARTESIAN_POINT('',(-6.28318530718,-8.));
#1819 = VECTOR('',#1820,1.);
#1820 = DIRECTION('',(1.,-0.));
#1821 = ( GEOMETRIC_REPRESENTATION_CONTEXT(2) 
PARAMETRIC_REPRESENTATION_CONTEXT() REPRESENTATION_CONTEXT('2D SPACE',''
  ) );
#1822 = PCURVE('',#1243,#1823);
#1823 = DEFINITIONAL_REPRESENTATION('',(#1824),#1828);
#1824 = CIRCLE('',#1825,13.);
#1825 = AXIS2_PLACEMENT_2D('',#1826,#1827);
#1826 = CARTESIAN_POINT('',(13.,-10.));
#1827 = DIRECTION('',(1.,0.));
#1828 = ( GEOMETRIC_REPRESENTATION_CONTEXT(2) 
PARAMETRIC_REPRESENTATION_CONTEXT() REPRESENTATION_CONTEXT('2D SPACE',''
  ) );
#1829 = ORIENTED_EDGE('',*,*,#1204,.T.);
#1830 = ORIENTED_EDGE('',*,*,#1831,.F.);
#1831 = EDGE_CURVE('',#1154,#1177,#1832,.T.);
#1832 = SURFACE_CURVE('',#1833,(#1838,#1845),.PCURVE_S1.);
#1833 = CIRCLE('',#1834,13.);
#1834 = AXIS2_PLACEMENT_3D('',#1835,#1836,#1837);
#1835 = CARTESIAN_POINT('',(-2.07055236082,682.72740661031,0.));
#1836 = DIRECTION('',(0.258819045103,-0.965925826289,0.));
#1837 = DIRECTION('',(0.965925826289,0.258819045103,0.));
#1838 = PCURVE('',#1109,#1839);
#1839 = DEFINITIONAL_REPRESENTATION('',(#1840),#1844);
#1840 = LINE('',#1841,#1842);
#1841 = CARTESIAN_POINT('',(-0.,0.));
#1842 = VECTOR('',#1843,1.);
#1843 = DIRECTION('',(-1.,0.));
#1844 = ( GEOMETRIC_REPRESENTATION_CONTEXT(2) 
PARAMETRIC_REPRESENTATION_CONTEXT() REPRESENTATION_CONTEXT('2D SPACE',''
  ) );
#1845 = PCURVE('',#1192,#1846);
#1846 = DEFINITIONAL_REPRESENTATION('',(#1847),#1851);
#1847 = CIRCLE('',#1848,13.);
#1848 = AXIS2_PLACEMENT_2D('',#1849,#1850);
#1849 = CARTESIAN_POINT('',(1.152322960418E-15,4.289572369705E-16));
#1850 = DIRECTION('',(0.,1.));
#1851 = ( GEOMETRIC_REPRESENTATION_CONTEXT(2) 
PARAMETRIC_REPRESENTATION_CONTEXT() REPRESENTATION_CONTEXT('2D SPACE',''
  ) );
#1852 = ORIENTED_EDGE('',*,*,#1153,.F.);
#1853 = ORIENTED_EDGE('',*,*,#1094,.T.);
#1854 = ORIENTED_EDGE('',*,*,#1855,.F.);
#1855 = EDGE_CURVE('',#1856,#1067,#1858,.T.);
#1856 = VERTEX_POINT('',#1857);
#1857 = CARTESIAN_POINT('',(-12.06066752776,671.76835387575,
    3.618944889381));
#1858 = SURFACE_CURVE('',#1859,(#1882,#1908),.PCURVE_S1.);
#1859 = B_SPLINE_CURVE_WITH_KNOTS('',6,(#1860,#1861,#1862,#1863,#1864,
    #1865,#1866,#1867,#1868,#1869,#1870,#1871,#1872,#1873,#1874,#1875,
    #1876,#1877,#1878,#1879,#1880,#1881),.UNSPECIFIED.,.F.,.F.,(7,5,5,5,
    7),(0.,0.257970096393,0.499725998534,0.741656301212,1.),
  .UNSPECIFIED.);
#1860 = CARTESIAN_POINT('',(-12.06066752776,671.76835387575,
    3.618944889381));
#1861 = CARTESIAN_POINT('',(-12.14646141579,671.74536547274,
    3.312495916874));
#1862 = CARTESIAN_POINT('',(-12.22404989296,671.72784255824,
    3.004517529749));
#1863 = CARTESIAN_POINT('',(-12.2931593874,671.71457072086,
    2.695285971734));
#1864 = CARTESIAN_POINT('',(-12.35359746975,671.70457481085,
    2.385011586956));
#1865 = CARTESIAN_POINT('',(-12.40521200343,671.6970736401,2.07386031893
    ));
#1866 = CARTESIAN_POINT('',(-12.48787795946,671.6862566131,
    1.469698191602));
#1867 = CARTESIAN_POINT('',(-12.5200172159,671.68270740637,
    1.176781665946));
#1868 = CARTESIAN_POINT('',(-12.54420102164,671.68036690389,0.8833984215
    ));
#1869 = CARTESIAN_POINT('',(-12.56036183135,671.67891379591,
    0.589708380713));
#1870 = CARTESIAN_POINT('',(-12.56846584695,671.67818516323,
    0.29586134896));
#1871 = CARTESIAN_POINT('',(-12.56855715452,671.67817695479,
    -0.292079156993));
#1872 = CARTESIAN_POINT('',(-12.5605328109,671.67889842608,
    -0.586139335055));
#1873 = CARTESIAN_POINT('',(-12.54443983474,671.68034431537,
    -0.880043467432));
#1874 = CARTESIAN_POINT('',(-12.5203118961,671.6826769192,
    -1.173641531562));
#1875 = CARTESIAN_POINT('',(-12.48821649404,671.68621739965,
    -1.466773371067));
#1876 = CARTESIAN_POINT('',(-12.40558547394,671.69701938962,
    -2.071607745233));
#1877 = CARTESIAN_POINT('',(-12.35394739259,671.70451695899,
    -2.383214598788));
#1878 = CARTESIAN_POINT('',(-12.29345951557,671.71451310047,
    -2.693942815304));
#1879 = CARTESIAN_POINT('',(-12.22427453867,671.72779183132,
    -3.003625741828));
#1880 = CARTESIAN_POINT('',(-12.14658564206,671.74533218641,
    -3.312052190465));
#1881 = CARTESIAN_POINT('',(-12.06066752776,671.76835387575,
    -3.618944889381));
#1882 = PCURVE('',#1109,#1883);
#1883 = DEFINITIONAL_REPRESENTATION('',(#1884),#1907);
#1884 = B_SPLINE_CURVE_WITH_KNOTS('',6,(#1885,#1886,#1887,#1888,#1889,
    #1890,#1891,#1892,#1893,#1894,#1895,#1896,#1897,#1898,#1899,#1900,
    #1901,#1902,#1903,#1904,#1905,#1906),.UNSPECIFIED.,.F.,.F.,(7,5,5,5,
    7),(0.,0.257970096393,0.499725998534,0.741656301212,1.),
  .UNSPECIFIED.);
#1885 = CARTESIAN_POINT('',(-2.859485238517,-8.));
#1886 = CARTESIAN_POINT('',(-2.884028405494,-8.));
#1887 = CARTESIAN_POINT('',(-2.908484554599,-7.996844460097));
#1888 = CARTESIAN_POINT('',(-2.932860964381,-7.991777217221));
#1889 = CARTESIAN_POINT('',(-2.957169168831,-7.985789998095));
#1890 = CARTESIAN_POINT('',(-2.981423052376,-7.979676748333));
#1891 = CARTESIAN_POINT('',(-3.028329903665,-7.968729670276));
#1892 = CARTESIAN_POINT('',(-3.050987264883,-7.963839689058));
#1893 = CARTESIAN_POINT('',(-3.07361785627,-7.959841211337));
#1894 = CARTESIAN_POINT('',(-3.096230374616,-7.95706208052));
#1895 = CARTESIAN_POINT('',(-3.118834088018,-7.955668412069));
#1896 = CARTESIAN_POINT('',(-3.164060281317,-7.955652708676));
#1897 = CARTESIAN_POINT('',(-3.186680202063,-7.957032673878));
#1898 = CARTESIAN_POINT('',(-3.209308856981,-7.959801220792));
#1899 = CARTESIAN_POINT('',(-3.231955541379,-7.96379286855));
#1900 = CARTESIAN_POINT('',(-3.254628977839,-7.968679928356));
#1901 = CARTESIAN_POINT('',(-3.301586671883,-7.979632488991));
#1902 = CARTESIAN_POINT('',(-3.325875356616,-7.985755312007));
#1903 = CARTESIAN_POINT('',(-3.350218464167,-7.991755195357));
#1904 = CARTESIAN_POINT('',(-3.374629937406,-7.996835315943));
#1905 = CARTESIAN_POINT('',(-3.399121364117,-8.));
#1906 = CARTESIAN_POINT('',(-3.423700068662,-8.));
#1907 = ( GEOMETRIC_REPRESENTATION_CONTEXT(2) 
PARAMETRIC_REPRESENTATION_CONTEXT() REPRESENTATION_CONTEXT('2D SPACE',''
  ) );
#1908 = PCURVE('',#1082,#1909);
#1909 = DEFINITIONAL_REPRESENTATION('',(#1910),#1933);
#1910 = B_SPLINE_CURVE_WITH_KNOTS('',6,(#1911,#1912,#1913,#1914,#1915,
    #1916,#1917,#1918,#1919,#1920,#1921,#1922,#1923,#1924,#1925,#1926,
    #1927,#1928,#1929,#1930,#1931,#1932),.UNSPECIFIED.,.F.,.F.,(7,5,5,5,
    7),(0.,0.257970096393,0.499725998534,0.741656301212,1.),
  .UNSPECIFIED.);
#1911 = CARTESIAN_POINT('',(0.,13.618944889381));
#1912 = CARTESIAN_POINT('',(-2.960678956654E-02,13.312495916874));
#1913 = CARTESIAN_POINT('',(-5.610013509157E-02,13.004517529749));
#1914 = CARTESIAN_POINT('',(-7.954329662486E-02,12.695285971734));
#1915 = CARTESIAN_POINT('',(-9.995657631051E-02,12.385011586956));
#1916 = CARTESIAN_POINT('',(-0.11734042654,12.07386031893));
#1917 = CARTESIAN_POINT('',(-0.14513064936,11.469698191602));
#1918 = CARTESIAN_POINT('',(-0.155906838485,11.176781665946));
#1919 = CARTESIAN_POINT('',(-0.164005119707,10.8833984215));
#1920 = CARTESIAN_POINT('',(-0.169414242768,10.589708380713));
#1921 = CARTESIAN_POINT('',(-0.172126316672,10.29586134896));
#1922 = CARTESIAN_POINT('',(-0.172156875271,9.707920843007));
#1923 = CARTESIAN_POINT('',(-0.169471466689,9.413860664945));
#1924 = CARTESIAN_POINT('',(-0.164085077205,9.119956532568));
#1925 = CARTESIAN_POINT('',(-0.156005581189,8.826358468438));
#1926 = CARTESIAN_POINT('',(-0.145244236407,8.533226628933));
#1927 = CARTESIAN_POINT('',(-0.11746621058,7.928392254767));
#1928 = CARTESIAN_POINT('',(-0.100074763668,7.616785401212));
#1929 = CARTESIAN_POINT('',(-7.964510404363E-02,7.306057184696));
#1930 = CARTESIAN_POINT('',(-5.617684197809E-02,6.996374258172));
#1931 = CARTESIAN_POINT('',(-2.964965906712E-02,6.687947809535));
#1932 = CARTESIAN_POINT('',(0.,6.381055110619));
#1933 = ( GEOMETRIC_REPRESENTATION_CONTEXT(2) 
PARAMETRIC_REPRESENTATION_CONTEXT() REPRESENTATION_CONTEXT('2D SPACE',''
  ) );
#1934 = ORIENTED_EDGE('',*,*,#1935,.T.);
#1935 = EDGE_CURVE('',#1856,#1936,#1938,.T.);
#1936 = VERTEX_POINT('',#1937);
#1937 = CARTESIAN_POINT('',(-8.023582518462,672.85008754377,10.));
#1938 = SURFACE_CURVE('',#1939,(#1944,#1951),.PCURVE_S1.);
#1939 = CIRCLE('',#1940,13.);
#1940 = AXIS2_PLACEMENT_3D('',#1941,#1942,#1943);
#1941 = CARTESIAN_POINT('',(0.,675.,0.));
#1942 = DIRECTION('',(-0.258819045103,0.965925826289,0.));
#1943 = DIRECTION('',(0.965925826289,0.258819045103,0.));
#1944 = PCURVE('',#1109,#1945);
#1945 = DEFINITIONAL_REPRESENTATION('',(#1946),#1950);
#1946 = LINE('',#1947,#1948);
#1947 = CARTESIAN_POINT('',(-6.28318530718,-8.));
#1948 = VECTOR('',#1949,1.);
#1949 = DIRECTION('',(1.,-0.));
#1950 = ( GEOMETRIC_REPRESENTATION_CONTEXT(2) 
PARAMETRIC_REPRESENTATION_CONTEXT() REPRESENTATION_CONTEXT('2D SPACE',''
  ) );
#1951 = PCURVE('',#1952,#1957);
#1952 = PLANE('',#1953);
#1953 = AXIS2_PLACEMENT_3D('',#1954,#1955,#1956);
#1954 = CARTESIAN_POINT('',(-12.55703574175,671.63535241366,-10.));
#1955 = DIRECTION('',(-0.258819045103,0.965925826289,0.));
#1956 = DIRECTION('',(0.965925826289,0.258819045103,0.));
#1957 = DEFINITIONAL_REPRESENTATION('',(#1958),#1962);
#1958 = CIRCLE('',#1959,13.);
#1959 = AXIS2_PLACEMENT_2D('',#1960,#1961);
#1960 = CARTESIAN_POINT('',(13.,-10.));
#1961 = DIRECTION('',(1.,0.));
#1962 = ( GEOMETRIC_REPRESENTATION_CONTEXT(2) 
PARAMETRIC_REPRESENTATION_CONTEXT() REPRESENTATION_CONTEXT('2D SPACE',''
  ) );
#1963 = ORIENTED_EDGE('',*,*,#1964,.T.);
#1964 = EDGE_CURVE('',#1936,#1965,#1967,.T.);
#1965 = VERTEX_POINT('',#1966);
#1966 = CARTESIAN_POINT('',(-10.09413487928,680.57749415408,10.));
#1967 = SURFACE_CURVE('',#1968,(#1972,#1979),.PCURVE_S1.);
#1968 = LINE('',#1969,#1970);
#1969 = CARTESIAN_POINT('',(-10.09413487928,680.57749415408,10.));
#1970 = VECTOR('',#1971,1.);
#1971 = DIRECTION('',(-0.258819045103,0.965925826289,0.));
#1972 = PCURVE('',#1109,#1973);
#1973 = DEFINITIONAL_REPRESENTATION('',(#1974),#1978);
#1974 = LINE('',#1975,#1976);
#1975 = CARTESIAN_POINT('',(-2.263956234372,0.));
#1976 = VECTOR('',#1977,1.);
#1977 = DIRECTION('',(-0.,1.));
#1978 = ( GEOMETRIC_REPRESENTATION_CONTEXT(2) 
PARAMETRIC_REPRESENTATION_CONTEXT() REPRESENTATION_CONTEXT('2D SPACE',''
  ) );
#1979 = PCURVE('',#1980,#1985);
#1980 = PLANE('',#1981);
#1981 = AXIS2_PLACEMENT_3D('',#1982,#1983,#1984);
#1982 = CARTESIAN_POINT('',(23.723277839934,736.05817976736,10.));
#1983 = DIRECTION('',(0.,0.,1.));
#1984 = DIRECTION('',(0.965925826289,0.258819045103,0.));
#1985 = DEFINITIONAL_REPRESENTATION('',(#1986),#1990);
#1986 = LINE('',#1987,#1988);
#1987 = CARTESIAN_POINT('',(-47.02457039582,-44.83763662626));
#1988 = VECTOR('',#1989,1.);
#1989 = DIRECTION('',(0.,1.));
#1990 = ( GEOMETRIC_REPRESENTATION_CONTEXT(2) 
PARAMETRIC_REPRESENTATION_CONTEXT() REPRESENTATION_CONTEXT('2D SPACE',''
  ) );
#1991 = ORIENTED_EDGE('',*,*,#1992,.F.);
#1992 = EDGE_CURVE('',#1993,#1965,#1995,.T.);
#1993 = VERTEX_POINT('',#1994);
#1994 = CARTESIAN_POINT('',(5.953030157641,684.87731906653,10.));
#1995 = SURFACE_CURVE('',#1996,(#2001,#2008),.PCURVE_S1.);
#1996 = CIRCLE('',#1997,13.);
#1997 = AXIS2_PLACEMENT_3D('',#1998,#1999,#2000);
#1998 = CARTESIAN_POINT('',(-2.07055236082,682.72740661031,0.));
#1999 = DIRECTION('',(0.258819045103,-0.965925826289,0.));
#2000 = DIRECTION('',(0.965925826289,0.258819045103,0.));
#2001 = PCURVE('',#1109,#2002);
#2002 = DEFINITIONAL_REPRESENTATION('',(#2003),#2007);
#2003 = LINE('',#2004,#2005);
#2004 = CARTESIAN_POINT('',(-0.,0.));
#2005 = VECTOR('',#2006,1.);
#2006 = DIRECTION('',(-1.,0.));
#2007 = ( GEOMETRIC_REPRESENTATION_CONTEXT(2) 
PARAMETRIC_REPRESENTATION_CONTEXT() REPRESENTATION_CONTEXT('2D SPACE',''
  ) );
#2008 = PCURVE('',#2009,#2014);
#2009 = PLANE('',#2010);
#2010 = AXIS2_PLACEMENT_3D('',#2011,#2012,#2013);
#2011 = CARTESIAN_POINT('',(-2.07055236082,682.72740661031,
    1.152322960418E-15));
#2012 = DIRECTION('',(0.258819045103,-0.965925826289,-0.));
#2013 = DIRECTION('',(0.,0.,-1.));
#2014 = DEFINITIONAL_REPRESENTATION('',(#2015),#2019);
#2015 = CIRCLE('',#2016,13.);
#2016 = AXIS2_PLACEMENT_2D('',#2017,#2018);
#2017 = CARTESIAN_POINT('',(1.152322960418E-15,4.289572369705E-16));
#2018 = DIRECTION('',(0.,1.));
#2019 = ( GEOMETRIC_REPRESENTATION_CONTEXT(2) 
PARAMETRIC_REPRESENTATION_CONTEXT() REPRESENTATION_CONTEXT('2D SPACE',''
  ) );
#2020 = ORIENTED_EDGE('',*,*,#2021,.F.);
#2021 = EDGE_CURVE('',#2022,#1993,#2024,.T.);
#2022 = VERTEX_POINT('',#2023);
#2023 = CARTESIAN_POINT('',(8.023582518462,677.14991245622,10.));
#2024 = SURFACE_CURVE('',#2025,(#2029,#2036),.PCURVE_S1.);
#2025 = LINE('',#2026,#2027);
#2026 = CARTESIAN_POINT('',(5.953030157641,684.87731906653,10.));
#2027 = VECTOR('',#2028,1.);
#2028 = DIRECTION('',(-0.258819045103,0.965925826289,0.));
#2029 = PCURVE('',#1109,#2030);
#2030 = DEFINITIONAL_REPRESENTATION('',(#2031),#2035);
#2031 = LINE('',#2032,#2033);
#2032 = CARTESIAN_POINT('',(-0.877636419218,0.));
#2033 = VECTOR('',#2034,1.);
#2034 = DIRECTION('',(-0.,1.));
#2035 = ( GEOMETRIC_REPRESENTATION_CONTEXT(2) 
PARAMETRIC_REPRESENTATION_CONTEXT() REPRESENTATION_CONTEXT('2D SPACE',''
  ) );
#2036 = PCURVE('',#1980,#2037);
#2037 = DEFINITIONAL_REPRESENTATION('',(#2038),#2042);
#2038 = LINE('',#2039,#2040);
#2039 = CARTESIAN_POINT('',(-30.41132266999,-44.83763662626));
#2040 = VECTOR('',#2041,1.);
#2041 = DIRECTION('',(0.,1.));
#2042 = ( GEOMETRIC_REPRESENTATION_CONTEXT(2) 
PARAMETRIC_REPRESENTATION_CONTEXT() REPRESENTATION_CONTEXT('2D SPACE',''
  ) );
#2043 = ORIENTED_EDGE('',*,*,#2044,.T.);
#2044 = EDGE_CURVE('',#2022,#1658,#2045,.T.);
#2045 = SURFACE_CURVE('',#2046,(#2051,#2058),.PCURVE_S1.);
#2046 = CIRCLE('',#2047,13.);
#2047 = AXIS2_PLACEMENT_3D('',#2048,#2049,#2050);
#2048 = CARTESIAN_POINT('',(0.,675.,0.));
#2049 = DIRECTION('',(-0.258819045103,0.965925826289,0.));
#2050 = DIRECTION('',(0.965925826289,0.258819045103,0.));
#2051 = PCURVE('',#1109,#2052);
#2052 = DEFINITIONAL_REPRESENTATION('',(#2053),#2057);
#2053 = LINE('',#2054,#2055);
#2054 = CARTESIAN_POINT('',(-6.28318530718,-8.));
#2055 = VECTOR('',#2056,1.);
#2056 = DIRECTION('',(1.,-0.));
#2057 = ( GEOMETRIC_REPRESENTATION_CONTEXT(2) 
PARAMETRIC_REPRESENTATION_CONTEXT() REPRESENTATION_CONTEXT('2D SPACE',''
  ) );
#2058 = PCURVE('',#2059,#2064);
#2059 = PLANE('',#2060);
#2060 = AXIS2_PLACEMENT_3D('',#2061,#2062,#2063);
#2061 = CARTESIAN_POINT('',(-12.55703574175,671.63535241366,-10.));
#2062 = DIRECTION('',(-0.258819045103,0.965925826289,0.));
#2063 = DIRECTION('',(0.965925826289,0.258819045103,0.));
#2064 = DEFINITIONAL_REPRESENTATION('',(#2065),#2069);
#2065 = CIRCLE('',#2066,13.);
#2066 = AXIS2_PLACEMENT_2D('',#2067,#2068);
#2067 = CARTESIAN_POINT('',(13.,-10.));
#2068 = DIRECTION('',(1.,0.));
#2069 = ( GEOMETRIC_REPRESENTATION_CONTEXT(2) 
PARAMETRIC_REPRESENTATION_CONTEXT() REPRESENTATION_CONTEXT('2D SPACE',''
  ) );
#2070 = ADVANCED_FACE('',(#2071),#1082,.T.);
#2071 = FACE_BOUND('',#2072,.F.);
#2072 = EDGE_LOOP('',(#2073,#2074,#2075,#2098,#2126,#2147));
#2073 = ORIENTED_EDGE('',*,*,#1066,.F.);
#2074 = ORIENTED_EDGE('',*,*,#1124,.T.);
#2075 = ORIENTED_EDGE('',*,*,#2076,.T.);
#2076 = EDGE_CURVE('',#1125,#2077,#2079,.T.);
#2077 = VERTEX_POINT('',#2078);
#2078 = CARTESIAN_POINT('',(-13.06937173172,671.67513464798,10.));
#2079 = SURFACE_CURVE('',#2080,(#2084,#2091),.PCURVE_S1.);
#2080 = LINE('',#2081,#2082);
#2081 = CARTESIAN_POINT('',(-13.06937173172,671.67513464798,-10.));
#2082 = VECTOR('',#2083,1.);
#2083 = DIRECTION('',(0.,0.,1.));
#2084 = PCURVE('',#1082,#2085);
#2085 = DEFINITIONAL_REPRESENTATION('',(#2086),#2090);
#2086 = LINE('',#2087,#2088);
#2087 = CARTESIAN_POINT('',(-0.339292614454,0.));
#2088 = VECTOR('',#2089,1.);
#2089 = DIRECTION('',(-0.,1.));
#2090 = ( GEOMETRIC_REPRESENTATION_CONTEXT(2) 
PARAMETRIC_REPRESENTATION_CONTEXT() REPRESENTATION_CONTEXT('2D SPACE',''
  ) );
#2091 = PCURVE('',#1640,#2092);
#2092 = DEFINITIONAL_REPRESENTATION('',(#2093),#2097);
#2093 = LINE('',#2094,#2095);
#2094 = CARTESIAN_POINT('',(17.51387818866,0.));
#2095 = VECTOR('',#2096,1.);
#2096 = DIRECTION('',(0.,-1.));
#2097 = ( GEOMETRIC_REPRESENTATION_CONTEXT(2) 
PARAMETRIC_REPRESENTATION_CONTEXT() REPRESENTATION_CONTEXT('2D SPACE',''
  ) );
#2098 = ORIENTED_EDGE('',*,*,#2099,.F.);
#2099 = EDGE_CURVE('',#2100,#2077,#2102,.T.);
#2100 = VERTEX_POINT('',#2101);
#2101 = CARTESIAN_POINT('',(-12.06066752776,671.76835387575,10.));
#2102 = SURFACE_CURVE('',#2103,(#2108,#2115),.PCURVE_S1.);
#2103 = CIRCLE('',#2104,3.);
#2104 = AXIS2_PLACEMENT_3D('',#2105,#2106,#2107);
#2105 = CARTESIAN_POINT('',(-12.83712466307,674.66613135462,10.));
#2106 = DIRECTION('',(0.,-0.,-1.));
#2107 = DIRECTION('',(0.258819045103,-0.965925826289,0.));
#2108 = PCURVE('',#1082,#2109);
#2109 = DEFINITIONAL_REPRESENTATION('',(#2110),#2114);
#2110 = LINE('',#2111,#2112);
#2111 = CARTESIAN_POINT('',(-0.,20.));
#2112 = VECTOR('',#2113,1.);
#2113 = DIRECTION('',(-1.,0.));
#2114 = ( GEOMETRIC_REPRESENTATION_CONTEXT(2) 
PARAMETRIC_REPRESENTATION_CONTEXT() REPRESENTATION_CONTEXT('2D SPACE',''
  ) );
#2115 = PCURVE('',#1980,#2116);
#2116 = DEFINITIONAL_REPRESENTATION('',(#2117),#2125);
#2117 = ( BOUNDED_CURVE() B_SPLINE_CURVE(2,(#2118,#2119,#2120,#2121,
#2122,#2123,#2124),.UNSPECIFIED.,.T.,.F.) B_SPLINE_CURVE_WITH_KNOTS((1,2
    ,2,2,2,1),(-2.094395102393,0.,2.094395102393,4.188790204786,
6.28318530718,8.377580409573),.UNSPECIFIED.) CURVE() 
GEOMETRIC_REPRESENTATION_ITEM() RATIONAL_B_SPLINE_CURVE((1.,0.5,1.,0.5,
1.,0.5,1.)) REPRESENTATION_ITEM('') );
#2118 = CARTESIAN_POINT('',(-51.20406834425,-52.83763662626));
#2119 = CARTESIAN_POINT('',(-56.40022076695,-52.83763662626));
#2120 = CARTESIAN_POINT('',(-53.8021445556,-48.33763662626));
#2121 = CARTESIAN_POINT('',(-51.20406834425,-43.83763662626));
#2122 = CARTESIAN_POINT('',(-48.60599213289,-48.33763662626));
#2123 = CARTESIAN_POINT('',(-46.00791592154,-52.83763662626));
#2124 = CARTESIAN_POINT('',(-51.20406834425,-52.83763662626));
#2125 = ( GEOMETRIC_REPRESENTATION_CONTEXT(2) 
PARAMETRIC_REPRESENTATION_CONTEXT() REPRESENTATION_CONTEXT('2D SPACE',''
  ) );
#2126 = ORIENTED_EDGE('',*,*,#2127,.F.);
#2127 = EDGE_CURVE('',#1856,#2100,#2128,.T.);
#2128 = SURFACE_CURVE('',#2129,(#2133,#2140),.PCURVE_S1.);
#2129 = LINE('',#2130,#2131);
#2130 = CARTESIAN_POINT('',(-12.06066752776,671.76835387575,-10.));
#2131 = VECTOR('',#2132,1.);
#2132 = DIRECTION('',(0.,0.,1.));
#2133 = PCURVE('',#1082,#2134);
#2134 = DEFINITIONAL_REPRESENTATION('',(#2135),#2139);
#2135 = LINE('',#2136,#2137);
#2136 = CARTESIAN_POINT('',(-0.,0.));
#2137 = VECTOR('',#2138,1.);
#2138 = DIRECTION('',(-0.,1.));
#2139 = ( GEOMETRIC_REPRESENTATION_CONTEXT(2) 
PARAMETRIC_REPRESENTATION_CONTEXT() REPRESENTATION_CONTEXT('2D SPACE',''
  ) );
#2140 = PCURVE('',#1952,#2141);
#2141 = DEFINITIONAL_REPRESENTATION('',(#2142),#2146);
#2142 = LINE('',#2143,#2144);
#2143 = CARTESIAN_POINT('',(0.51387818866,0.));
#2144 = VECTOR('',#2145,1.);
#2145 = DIRECTION('',(0.,-1.));
#2146 = ( GEOMETRIC_REPRESENTATION_CONTEXT(2) 
PARAMETRIC_REPRESENTATION_CONTEXT() REPRESENTATION_CONTEXT('2D SPACE',''
  ) );
#2147 = ORIENTED_EDGE('',*,*,#1855,.T.);
#2148 = ADVANCED_FACE('',(#2149),#1640,.F.);
#2149 = FACE_BOUND('',#2150,.F.);
#2150 = EDGE_LOOP('',(#2151,#2152,#2175,#2196));
#2151 = ORIENTED_EDGE('',*,*,#1626,.F.);
#2152 = ORIENTED_EDGE('',*,*,#2153,.T.);
#2153 = EDGE_CURVE('',#1598,#2154,#2156,.T.);
#2154 = VERTEX_POINT('',#2155);
#2155 = CARTESIAN_POINT('',(-29.55737063595,672.955406674,10.));
#2156 = SURFACE_CURVE('',#2157,(#2161,#2168),.PCURVE_S1.);
#2157 = LINE('',#2158,#2159);
#2158 = CARTESIAN_POINT('',(-29.55737063595,672.955406674,-10.));
#2159 = VECTOR('',#2160,1.);
#2160 = DIRECTION('',(0.,0.,1.));
#2161 = PCURVE('',#1640,#2162);
#2162 = DEFINITIONAL_REPRESENTATION('',(#2163),#2167);
#2163 = LINE('',#2164,#2165);
#2164 = CARTESIAN_POINT('',(0.976248239763,0.));
#2165 = VECTOR('',#2166,1.);
#2166 = DIRECTION('',(0.,-1.));
#2167 = ( GEOMETRIC_REPRESENTATION_CONTEXT(2) 
PARAMETRIC_REPRESENTATION_CONTEXT() REPRESENTATION_CONTEXT('2D SPACE',''
  ) );
#2168 = PCURVE('',#1614,#2169);
#2169 = DEFINITIONAL_REPRESENTATION('',(#2170),#2174);
#2170 = LINE('',#2171,#2172);
#2171 = CARTESIAN_POINT('',(0.629216366206,0.));
#2172 = VECTOR('',#2173,1.);
#2173 = DIRECTION('',(0.,1.));
#2174 = ( GEOMETRIC_REPRESENTATION_CONTEXT(2) 
PARAMETRIC_REPRESENTATION_CONTEXT() REPRESENTATION_CONTEXT('2D SPACE',''
  ) );
#2175 = ORIENTED_EDGE('',*,*,#2176,.T.);
#2176 = EDGE_CURVE('',#2154,#2077,#2177,.T.);
#2177 = SURFACE_CURVE('',#2178,(#2182,#2189),.PCURVE_S1.);
#2178 = LINE('',#2179,#2180);
#2179 = CARTESIAN_POINT('',(-30.53068905928,673.03098360465,10.));
#2180 = VECTOR('',#2181,1.);
#2181 = DIRECTION('',(0.996998902212,-7.741568955011E-02,0.));
#2182 = PCURVE('',#1640,#2183);
#2183 = DEFINITIONAL_REPRESENTATION('',(#2184),#2188);
#2184 = LINE('',#2185,#2186);
#2185 = CARTESIAN_POINT('',(0.,-20.));
#2186 = VECTOR('',#2187,1.);
#2187 = DIRECTION('',(1.,0.));
#2188 = ( GEOMETRIC_REPRESENTATION_CONTEXT(2) 
PARAMETRIC_REPRESENTATION_CONTEXT() REPRESENTATION_CONTEXT('2D SPACE',''
  ) );
#2189 = PCURVE('',#1980,#2190);
#2190 = DEFINITIONAL_REPRESENTATION('',(#2191),#2195);
#2191 = LINE('',#2192,#2193);
#2192 = CARTESIAN_POINT('',(-68.71794653291,-46.83763662626));
#2193 = VECTOR('',#2194,1.);
#2194 = DIRECTION('',(0.942990333583,-0.332820117735));
#2195 = ( GEOMETRIC_REPRESENTATION_CONTEXT(2) 
PARAMETRIC_REPRESENTATION_CONTEXT() REPRESENTATION_CONTEXT('2D SPACE',''
  ) );
#2196 = ORIENTED_EDGE('',*,*,#2076,.F.);
#2197 = ADVANCED_FACE('',(#2198),#1614,.T.);
#2198 = FACE_BOUND('',#2199,.T.);
#2199 = EDGE_LOOP('',(#2200,#2201,#2202,#2226));
#2200 = ORIENTED_EDGE('',*,*,#1597,.T.);
#2201 = ORIENTED_EDGE('',*,*,#2153,.T.);
#2202 = ORIENTED_EDGE('',*,*,#2203,.F.);
#2203 = EDGE_CURVE('',#2204,#2154,#2206,.T.);
#2204 = VERTEX_POINT('',#2205);
#2205 = CARTESIAN_POINT('',(-31.27312835,673.66489568471,10.));
#2206 = SURFACE_CURVE('',#2207,(#2212,#2219),.PCURVE_S1.);
#2207 = CIRCLE('',#2208,3.);
#2208 = AXIS2_PLACEMENT_3D('',#2209,#2210,#2211);
#2209 = CARTESIAN_POINT('',(-29.3251235673,675.94640338064,10.));
#2210 = DIRECTION('',(-0.,0.,1.));
#2211 = DIRECTION('',(0.258819045103,-0.965925826289,0.));
#2212 = PCURVE('',#1614,#2213);
#2213 = DEFINITIONAL_REPRESENTATION('',(#2214),#2218);
#2214 = LINE('',#2215,#2216);
#2215 = CARTESIAN_POINT('',(-5.31467632652,20.));
#2216 = VECTOR('',#2217,1.);
#2217 = DIRECTION('',(1.,0.));
#2218 = ( GEOMETRIC_REPRESENTATION_CONTEXT(2) 
PARAMETRIC_REPRESENTATION_CONTEXT() REPRESENTATION_CONTEXT('2D SPACE',''
  ) );
#2219 = PCURVE('',#1980,#2220);
#2220 = DEFINITIONAL_REPRESENTATION('',(#2221),#2225);
#2221 = CIRCLE('',#2222,3.);
#2222 = AXIS2_PLACEMENT_2D('',#2223,#2224);
#2223 = CARTESIAN_POINT('',(-66.79889352643,-44.33358067961));
#2224 = DIRECTION('',(0.,-1.));
#2225 = ( GEOMETRIC_REPRESENTATION_CONTEXT(2) 
PARAMETRIC_REPRESENTATION_CONTEXT() REPRESENTATION_CONTEXT('2D SPACE',''
  ) );
#2226 = ORIENTED_EDGE('',*,*,#2227,.F.);
#2227 = EDGE_CURVE('',#1570,#2204,#2228,.T.);
#2228 = SURFACE_CURVE('',#2229,(#2233,#2240),.PCURVE_S1.);
#2229 = LINE('',#2230,#2231);
#2230 = CARTESIAN_POINT('',(-31.27312835,673.66489568471,-10.));
#2231 = VECTOR('',#2232,1.);
#2232 = DIRECTION('',(0.,0.,1.));
#2233 = PCURVE('',#1614,#2234);
#2234 = DEFINITIONAL_REPRESENTATION('',(#2235),#2239);
#2235 = LINE('',#2236,#2237);
#2236 = CARTESIAN_POINT('',(0.,0.));
#2237 = VECTOR('',#2238,1.);
#2238 = DIRECTION('',(0.,1.));
#2239 = ( GEOMETRIC_REPRESENTATION_CONTEXT(2) 
PARAMETRIC_REPRESENTATION_CONTEXT() REPRESENTATION_CONTEXT('2D SPACE',''
  ) );
#2240 = PCURVE('',#1585,#2241);
#2241 = DEFINITIONAL_REPRESENTATION('',(#2242),#2246);
#2242 = LINE('',#2243,#2244);
#2243 = CARTESIAN_POINT('',(66.981459196553,0.));
#2244 = VECTOR('',#2245,1.);
#2245 = DIRECTION('',(0.,-1.));
#2246 = ( GEOMETRIC_REPRESENTATION_CONTEXT(2) 
PARAMETRIC_REPRESENTATION_CONTEXT() REPRESENTATION_CONTEXT('2D SPACE',''
  ) );
#2247 = ADVANCED_FACE('',(#2248),#1585,.F.);
#2248 = FACE_BOUND('',#2249,.F.);
#2249 = EDGE_LOOP('',(#2250,#2251,#2274,#2295));
#2250 = ORIENTED_EDGE('',*,*,#1569,.F.);
#2251 = ORIENTED_EDGE('',*,*,#2252,.T.);
#2252 = EDGE_CURVE('',#1541,#2253,#2255,.T.);
#2253 = VERTEX_POINT('',#2254);
#2254 = CARTESIAN_POINT('',(-81.5040868701,716.55326621764,10.));
#2255 = SURFACE_CURVE('',#2256,(#2260,#2267),.PCURVE_S1.);
#2256 = LINE('',#2257,#2258);
#2257 = CARTESIAN_POINT('',(-81.5040868701,716.55326621764,-10.));
#2258 = VECTOR('',#2259,1.);
#2259 = DIRECTION('',(0.,0.,1.));
#2260 = PCURVE('',#1585,#2261);
#2261 = DEFINITIONAL_REPRESENTATION('',(#2262),#2266);
#2262 = LINE('',#2263,#2264);
#2263 = CARTESIAN_POINT('',(0.931769410622,0.));
#2264 = VECTOR('',#2265,1.);
#2265 = DIRECTION('',(0.,-1.));
#2266 = ( GEOMETRIC_REPRESENTATION_CONTEXT(2) 
PARAMETRIC_REPRESENTATION_CONTEXT() REPRESENTATION_CONTEXT('2D SPACE',''
  ) );
#2267 = PCURVE('',#1557,#2268);
#2268 = DEFINITIONAL_REPRESENTATION('',(#2269),#2273);
#2269 = LINE('',#2270,#2271);
#2270 = CARTESIAN_POINT('',(0.602287346135,0.));
#2271 = VECTOR('',#2272,1.);
#2272 = DIRECTION('',(0.,1.));
#2273 = ( GEOMETRIC_REPRESENTATION_CONTEXT(2) 
PARAMETRIC_REPRESENTATION_CONTEXT() REPRESENTATION_CONTEXT('2D SPACE',''
  ) );
#2274 = ORIENTED_EDGE('',*,*,#2275,.T.);
#2275 = EDGE_CURVE('',#2253,#2204,#2276,.T.);
#2276 = SURFACE_CURVE('',#2277,(#2281,#2288),.PCURVE_S1.);
#2277 = LINE('',#2278,#2279);
#2278 = CARTESIAN_POINT('',(-82.21269989715,717.1582966404,10.));
#2279 = VECTOR('',#2280,1.);
#2280 = DIRECTION('',(0.760502565309,-0.649334927566,0.));
#2281 = PCURVE('',#1585,#2282);
#2282 = DEFINITIONAL_REPRESENTATION('',(#2283),#2287);
#2283 = LINE('',#2284,#2285);
#2284 = CARTESIAN_POINT('',(0.,-20.));
#2285 = VECTOR('',#2286,1.);
#2286 = DIRECTION('',(1.,0.));
#2287 = ( GEOMETRIC_REPRESENTATION_CONTEXT(2) 
PARAMETRIC_REPRESENTATION_CONTEXT() REPRESENTATION_CONTEXT('2D SPACE',''
  ) );
#2288 = PCURVE('',#1980,#2289);
#2289 = DEFINITIONAL_REPRESENTATION('',(#2290),#2294);
#2290 = LINE('',#2291,#2292);
#2291 = CARTESIAN_POINT('',(-107.2179465329,9.162363373737));
#2292 = VECTOR('',#2293,1.);
#2293 = DIRECTION('',(0.566528822887,-0.824041924199));
#2294 = ( GEOMETRIC_REPRESENTATION_CONTEXT(2) 
PARAMETRIC_REPRESENTATION_CONTEXT() REPRESENTATION_CONTEXT('2D SPACE',''
  ) );
#2295 = ORIENTED_EDGE('',*,*,#2227,.F.);
#2296 = ADVANCED_FACE('',(#2297),#1557,.T.);
#2297 = FACE_BOUND('',#2298,.T.);
#2298 = EDGE_LOOP('',(#2299,#2300,#2301,#2325));
#2299 = ORIENTED_EDGE('',*,*,#1540,.T.);
#2300 = ORIENTED_EDGE('',*,*,#2252,.T.);
#2301 = ORIENTED_EDGE('',*,*,#2302,.F.);
#2302 = EDGE_CURVE('',#2303,#2253,#2305,.T.);
#2303 = VERTEX_POINT('',#2304);
#2304 = CARTESIAN_POINT('',(-82.45385956627,718.05831677826,10.));
#2305 = SURFACE_CURVE('',#2306,(#2311,#2318),.PCURVE_S1.);
#2306 = CIRCLE('',#2307,3.);
#2307 = AXIS2_PLACEMENT_3D('',#2308,#2309,#2310);
#2308 = CARTESIAN_POINT('',(-79.5560820874,718.83477391357,10.));
#2309 = DIRECTION('',(-0.,0.,1.));
#2310 = DIRECTION('',(0.258819045103,-0.965925826289,0.));
#2311 = PCURVE('',#1557,#2312);
#2312 = DEFINITIONAL_REPRESENTATION('',(#2313),#2317);
#2313 = LINE('',#2314,#2315);
#2314 = CARTESIAN_POINT('',(-4.712388980385,20.));
#2315 = VECTOR('',#2316,1.);
#2316 = DIRECTION('',(1.,0.));
#2317 = ( GEOMETRIC_REPRESENTATION_CONTEXT(2) 
PARAMETRIC_REPRESENTATION_CONTEXT() REPRESENTATION_CONTEXT('2D SPACE',''
  ) );
#2318 = PCURVE('',#1980,#2319);
#2319 = DEFINITIONAL_REPRESENTATION('',(#2320),#2324);
#2320 = CIRCLE('',#2321,3.);
#2321 = AXIS2_PLACEMENT_2D('',#2322,#2323);
#2322 = CARTESIAN_POINT('',(-104.2179465329,10.094132784359));
#2323 = DIRECTION('',(0.,-1.));
#2324 = ( GEOMETRIC_REPRESENTATION_CONTEXT(2) 
PARAMETRIC_REPRESENTATION_CONTEXT() REPRESENTATION_CONTEXT('2D SPACE',''
  ) );
#2325 = ORIENTED_EDGE('',*,*,#2326,.F.);
#2326 = EDGE_CURVE('',#1513,#2303,#2327,.T.);
#2327 = SURFACE_CURVE('',#2328,(#2332,#2339),.PCURVE_S1.);
#2328 = LINE('',#2329,#2330);
#2329 = CARTESIAN_POINT('',(-82.45385956627,718.05831677826,-10.));
#2330 = VECTOR('',#2331,1.);
#2331 = DIRECTION('',(0.,0.,1.));
#2332 = PCURVE('',#1557,#2333);
#2333 = DEFINITIONAL_REPRESENTATION('',(#2334),#2338);
#2334 = LINE('',#2335,#2336);
#2335 = CARTESIAN_POINT('',(0.,0.));
#2336 = VECTOR('',#2337,1.);
#2337 = DIRECTION('',(0.,1.));
#2338 = ( GEOMETRIC_REPRESENTATION_CONTEXT(2) 
PARAMETRIC_REPRESENTATION_CONTEXT() REPRESENTATION_CONTEXT('2D SPACE',''
  ) );
#2339 = PCURVE('',#1528,#2340);
#2340 = DEFINITIONAL_REPRESENTATION('',(#2341),#2345);
#2341 = LINE('',#2342,#2343);
#2342 = CARTESIAN_POINT('',(17.068230589378,0.));
#2343 = VECTOR('',#2344,1.);
#2344 = DIRECTION('',(0.,-1.));
#2345 = ( GEOMETRIC_REPRESENTATION_CONTEXT(2) 
PARAMETRIC_REPRESENTATION_CONTEXT() REPRESENTATION_CONTEXT('2D SPACE',''
  ) );
#2346 = ADVANCED_FACE('',(#2347),#1528,.F.);
#2347 = FACE_BOUND('',#2348,.F.);
#2348 = EDGE_LOOP('',(#2349,#2350,#2373,#2394));
#2349 = ORIENTED_EDGE('',*,*,#1512,.F.);
#2350 = ORIENTED_EDGE('',*,*,#2351,.T.);
#2351 = EDGE_CURVE('',#1484,#2352,#2354,.T.);
#2352 = VERTEX_POINT('',#2353);
#2353 = CARTESIAN_POINT('',(-86.09498557369,731.64718403473,10.));
#2354 = SURFACE_CURVE('',#2355,(#2359,#2366),.PCURVE_S1.);
#2355 = LINE('',#2356,#2357);
#2356 = CARTESIAN_POINT('',(-86.09498557369,731.64718403473,-10.));
#2357 = VECTOR('',#2358,1.);
#2358 = DIRECTION('',(0.,0.,1.));
#2359 = PCURVE('',#1528,#2360);
#2360 = DEFINITIONAL_REPRESENTATION('',(#2361),#2365);
#2361 = LINE('',#2362,#2363);
#2362 = CARTESIAN_POINT('',(3.,0.));
#2363 = VECTOR('',#2364,1.);
#2364 = DIRECTION('',(0.,-1.));
#2365 = ( GEOMETRIC_REPRESENTATION_CONTEXT(2) 
PARAMETRIC_REPRESENTATION_CONTEXT() REPRESENTATION_CONTEXT('2D SPACE',''
  ) );
#2366 = PCURVE('',#1500,#2367);
#2367 = DEFINITIONAL_REPRESENTATION('',(#2368),#2372);
#2368 = LINE('',#2369,#2370);
#2369 = CARTESIAN_POINT('',(1.570796326795,0.));
#2370 = VECTOR('',#2371,1.);
#2371 = DIRECTION('',(0.,1.));
#2372 = ( GEOMETRIC_REPRESENTATION_CONTEXT(2) 
PARAMETRIC_REPRESENTATION_CONTEXT() REPRESENTATION_CONTEXT('2D SPACE',''
  ) );
#2373 = ORIENTED_EDGE('',*,*,#2374,.T.);
#2374 = EDGE_CURVE('',#2352,#2303,#2375,.T.);
#2375 = SURFACE_CURVE('',#2376,(#2380,#2387),.PCURVE_S1.);
#2376 = LINE('',#2377,#2378);
#2377 = CARTESIAN_POINT('',(-86.871442709,734.5449615136,10.));
#2378 = VECTOR('',#2379,1.);
#2379 = DIRECTION('',(0.258819045103,-0.965925826289,0.));
#2380 = PCURVE('',#1528,#2381);
#2381 = DEFINITIONAL_REPRESENTATION('',(#2382),#2386);
#2382 = LINE('',#2383,#2384);
#2383 = CARTESIAN_POINT('',(0.,-20.));
#2384 = VECTOR('',#2385,1.);
#2385 = DIRECTION('',(1.,0.));
#2386 = ( GEOMETRIC_REPRESENTATION_CONTEXT(2) 
PARAMETRIC_REPRESENTATION_CONTEXT() REPRESENTATION_CONTEXT('2D SPACE',''
  ) );
#2387 = PCURVE('',#1980,#2388);
#2388 = DEFINITIONAL_REPRESENTATION('',(#2389),#2393);
#2389 = LINE('',#2390,#2391);
#2390 = CARTESIAN_POINT('',(-107.2179465329,27.162363373737));
#2391 = VECTOR('',#2392,1.);
#2392 = DIRECTION('',(0.,-1.));
#2393 = ( GEOMETRIC_REPRESENTATION_CONTEXT(2) 
PARAMETRIC_REPRESENTATION_CONTEXT() REPRESENTATION_CONTEXT('2D SPACE',''
  ) );
#2394 = ORIENTED_EDGE('',*,*,#2326,.F.);
#2395 = ADVANCED_FACE('',(#2396),#1500,.T.);
#2396 = FACE_BOUND('',#2397,.T.);
#2397 = EDGE_LOOP('',(#2398,#2399,#2400,#2424));
#2398 = ORIENTED_EDGE('',*,*,#1483,.T.);
#2399 = ORIENTED_EDGE('',*,*,#2351,.T.);
#2400 = ORIENTED_EDGE('',*,*,#2401,.F.);
#2401 = EDGE_CURVE('',#2402,#2352,#2404,.T.);
#2402 = VERTEX_POINT('',#2403);
#2403 = CARTESIAN_POINT('',(-83.97366523013,735.32141864891,10.));
#2404 = SURFACE_CURVE('',#2405,(#2410,#2417),.PCURVE_S1.);
#2405 = CIRCLE('',#2406,3.);
#2406 = AXIS2_PLACEMENT_3D('',#2407,#2408,#2409);
#2407 = CARTESIAN_POINT('',(-83.19720809482,732.42364117004,10.));
#2408 = DIRECTION('',(-0.,0.,1.));
#2409 = DIRECTION('',(0.258819045103,-0.965925826289,0.));
#2410 = PCURVE('',#1500,#2411);
#2411 = DEFINITIONAL_REPRESENTATION('',(#2412),#2416);
#2412 = LINE('',#2413,#2414);
#2413 = CARTESIAN_POINT('',(-3.14159265359,20.));
#2414 = VECTOR('',#2415,1.);
#2415 = DIRECTION('',(1.,0.));
#2416 = ( GEOMETRIC_REPRESENTATION_CONTEXT(2) 
PARAMETRIC_REPRESENTATION_CONTEXT() REPRESENTATION_CONTEXT('2D SPACE',''
  ) );
#2417 = PCURVE('',#1980,#2418);
#2418 = DEFINITIONAL_REPRESENTATION('',(#2419),#2423);
#2419 = CIRCLE('',#2420,3.);
#2420 = AXIS2_PLACEMENT_2D('',#2421,#2422);
#2421 = CARTESIAN_POINT('',(-104.2179465329,24.162363373737));
#2422 = DIRECTION('',(0.,-1.));
#2423 = ( GEOMETRIC_REPRESENTATION_CONTEXT(2) 
PARAMETRIC_REPRESENTATION_CONTEXT() REPRESENTATION_CONTEXT('2D SPACE',''
  ) );
#2424 = ORIENTED_EDGE('',*,*,#2425,.F.);
#2425 = EDGE_CURVE('',#1456,#2402,#2426,.T.);
#2426 = SURFACE_CURVE('',#2427,(#2431,#2438),.PCURVE_S1.);
#2427 = LINE('',#2428,#2429);
#2428 = CARTESIAN_POINT('',(-83.97366523013,735.32141864891,-10.));
#2429 = VECTOR('',#2430,1.);
#2430 = DIRECTION('',(0.,0.,1.));
#2431 = PCURVE('',#1500,#2432);
#2432 = DEFINITIONAL_REPRESENTATION('',(#2433),#2437);
#2433 = LINE('',#2434,#2435);
#2434 = CARTESIAN_POINT('',(0.,0.));
#2435 = VECTOR('',#2436,1.);
#2436 = DIRECTION('',(0.,1.));
#2437 = ( GEOMETRIC_REPRESENTATION_CONTEXT(2) 
PARAMETRIC_REPRESENTATION_CONTEXT() REPRESENTATION_CONTEXT('2D SPACE',''
  ) );
#2438 = PCURVE('',#1471,#2439);
#2439 = DEFINITIONAL_REPRESENTATION('',(#2440),#2444);
#2440 = LINE('',#2441,#2442);
#2441 = CARTESIAN_POINT('',(222.,0.));
#2442 = VECTOR('',#2443,1.);
#2443 = DIRECTION('',(0.,-1.));
#2444 = ( GEOMETRIC_REPRESENTATION_CONTEXT(2) 
PARAMETRIC_REPRESENTATION_CONTEXT() REPRESENTATION_CONTEXT('2D SPACE',''
  ) );
#2445 = ADVANCED_FACE('',(#2446),#1471,.F.);
#2446 = FACE_BOUND('',#2447,.F.);
#2447 = EDGE_LOOP('',(#2448,#2449,#2472,#2493));
#2448 = ORIENTED_EDGE('',*,*,#1455,.F.);
#2449 = ORIENTED_EDGE('',*,*,#2450,.T.);
#2450 = EDGE_CURVE('',#1427,#2451,#2453,.T.);
#2451 = VERTEX_POINT('',#2452);
#2452 = CARTESIAN_POINT('',(127.56409072717,792.00278952636,10.));
#2453 = SURFACE_CURVE('',#2454,(#2458,#2465),.PCURVE_S1.);
#2454 = LINE('',#2455,#2456);
#2455 = CARTESIAN_POINT('',(127.56409072717,792.00278952636,-10.));
#2456 = VECTOR('',#2457,1.);
#2457 = DIRECTION('',(0.,0.,1.));
#2458 = PCURVE('',#1471,#2459);
#2459 = DEFINITIONAL_REPRESENTATION('',(#2460),#2464);
#2460 = LINE('',#2461,#2462);
#2461 = CARTESIAN_POINT('',(3.,0.));
#2462 = VECTOR('',#2463,1.);
#2463 = DIRECTION('',(0.,-1.));
#2464 = ( GEOMETRIC_REPRESENTATION_CONTEXT(2) 
PARAMETRIC_REPRESENTATION_CONTEXT() REPRESENTATION_CONTEXT('2D SPACE',''
  ) );
#2465 = PCURVE('',#1443,#2466);
#2466 = DEFINITIONAL_REPRESENTATION('',(#2467),#2471);
#2467 = LINE('',#2468,#2469);
#2468 = CARTESIAN_POINT('',(1.570796326795,0.));
#2469 = VECTOR('',#2470,1.);
#2470 = DIRECTION('',(0.,1.));
#2471 = ( GEOMETRIC_REPRESENTATION_CONTEXT(2) 
PARAMETRIC_REPRESENTATION_CONTEXT() REPRESENTATION_CONTEXT('2D SPACE',''
  ) );
#2472 = ORIENTED_EDGE('',*,*,#2473,.T.);
#2473 = EDGE_CURVE('',#2451,#2402,#2474,.T.);
#2474 = SURFACE_CURVE('',#2475,(#2479,#2486),.PCURVE_S1.);
#2475 = LINE('',#2476,#2477);
#2476 = CARTESIAN_POINT('',(130.46186820603,792.77924666167,10.));
#2477 = VECTOR('',#2478,1.);
#2478 = DIRECTION('',(-0.965925826289,-0.258819045103,0.));
#2479 = PCURVE('',#1471,#2480);
#2480 = DEFINITIONAL_REPRESENTATION('',(#2481),#2485);
#2481 = LINE('',#2482,#2483);
#2482 = CARTESIAN_POINT('',(0.,-20.));
#2483 = VECTOR('',#2484,1.);
#2484 = DIRECTION('',(1.,0.));
#2485 = ( GEOMETRIC_REPRESENTATION_CONTEXT(2) 
PARAMETRIC_REPRESENTATION_CONTEXT() REPRESENTATION_CONTEXT('2D SPACE',''
  ) );
#2486 = PCURVE('',#1980,#2487);
#2487 = DEFINITIONAL_REPRESENTATION('',(#2488),#2492);
#2488 = LINE('',#2489,#2490);
#2489 = CARTESIAN_POINT('',(117.78205346709,27.162363373737));
#2490 = VECTOR('',#2491,1.);
#2491 = DIRECTION('',(-1.,0.));
#2492 = ( GEOMETRIC_REPRESENTATION_CONTEXT(2) 
PARAMETRIC_REPRESENTATION_CONTEXT() REPRESENTATION_CONTEXT('2D SPACE',''
  ) );
#2493 = ORIENTED_EDGE('',*,*,#2425,.F.);
#2494 = ADVANCED_FACE('',(#2495),#1443,.T.);
#2495 = FACE_BOUND('',#2496,.T.);
#2496 = EDGE_LOOP('',(#2497,#2498,#2499,#2523));
#2497 = ORIENTED_EDGE('',*,*,#1426,.T.);
#2498 = ORIENTED_EDGE('',*,*,#2450,.T.);
#2499 = ORIENTED_EDGE('',*,*,#2500,.F.);
#2500 = EDGE_CURVE('',#2501,#2451,#2503,.T.);
#2501 = VERTEX_POINT('',#2502);
#2502 = CARTESIAN_POINT('',(131.23832534134,789.8814691828,10.));
#2503 = SURFACE_CURVE('',#2504,(#2509,#2516),.PCURVE_S1.);
#2504 = CIRCLE('',#2505,3.);
#2505 = AXIS2_PLACEMENT_3D('',#2506,#2507,#2508);
#2506 = CARTESIAN_POINT('',(128.34054786247,789.10501204749,10.));
#2507 = DIRECTION('',(-0.,0.,1.));
#2508 = DIRECTION('',(0.258819045103,-0.965925826289,0.));
#2509 = PCURVE('',#1443,#2510);
#2510 = DEFINITIONAL_REPRESENTATION('',(#2511),#2515);
#2511 = LINE('',#2512,#2513);
#2512 = CARTESIAN_POINT('',(-1.570796326795,20.));
#2513 = VECTOR('',#2514,1.);
#2514 = DIRECTION('',(1.,0.));
#2515 = ( GEOMETRIC_REPRESENTATION_CONTEXT(2) 
PARAMETRIC_REPRESENTATION_CONTEXT() REPRESENTATION_CONTEXT('2D SPACE',''
  ) );
#2516 = PCURVE('',#1980,#2517);
#2517 = DEFINITIONAL_REPRESENTATION('',(#2518),#2522);
#2518 = CIRCLE('',#2519,3.);
#2519 = AXIS2_PLACEMENT_2D('',#2520,#2521);
#2520 = CARTESIAN_POINT('',(114.78205346709,24.162363373737));
#2521 = DIRECTION('',(0.,-1.));
#2522 = ( GEOMETRIC_REPRESENTATION_CONTEXT(2) 
PARAMETRIC_REPRESENTATION_CONTEXT() REPRESENTATION_CONTEXT('2D SPACE',''
  ) );
#2523 = ORIENTED_EDGE('',*,*,#2524,.F.);
#2524 = EDGE_CURVE('',#1399,#2501,#2525,.T.);
#2525 = SURFACE_CURVE('',#2526,(#2530,#2537),.PCURVE_S1.);
#2526 = LINE('',#2527,#2528);
#2527 = CARTESIAN_POINT('',(131.23832534134,789.8814691828,-10.));
#2528 = VECTOR('',#2529,1.);
#2529 = DIRECTION('',(0.,0.,1.));
#2530 = PCURVE('',#1443,#2531);
#2531 = DEFINITIONAL_REPRESENTATION('',(#2532),#2536);
#2532 = LINE('',#2533,#2534);
#2533 = CARTESIAN_POINT('',(0.,0.));
#2534 = VECTOR('',#2535,1.);
#2535 = DIRECTION('',(0.,1.));
#2536 = ( GEOMETRIC_REPRESENTATION_CONTEXT(2) 
PARAMETRIC_REPRESENTATION_CONTEXT() REPRESENTATION_CONTEXT('2D SPACE',''
  ) );
#2537 = PCURVE('',#1414,#2538);
#2538 = DEFINITIONAL_REPRESENTATION('',(#2539),#2543);
#2539 = LINE('',#2540,#2541);
#2540 = CARTESIAN_POINT('',(9.,0.));
#2541 = VECTOR('',#2542,1.);
#2542 = DIRECTION('',(0.,-1.));
#2543 = ( GEOMETRIC_REPRESENTATION_CONTEXT(2) 
PARAMETRIC_REPRESENTATION_CONTEXT() REPRESENTATION_CONTEXT('2D SPACE',''
  ) );
#2544 = ADVANCED_FACE('',(#2545),#1414,.F.);
#2545 = FACE_BOUND('',#2546,.F.);
#2546 = EDGE_LOOP('',(#2547,#2548,#2571,#2592));
#2547 = ORIENTED_EDGE('',*,*,#1398,.F.);
#2548 = ORIENTED_EDGE('',*,*,#2549,.T.);
#2549 = EDGE_CURVE('',#1370,#2550,#2552,.T.);
#2550 = VERTEX_POINT('',#2551);
#2551 = CARTESIAN_POINT('',(133.15214949928,782.7389801886,10.));
#2552 = SURFACE_CURVE('',#2553,(#2557,#2564),.PCURVE_S1.);
#2553 = LINE('',#2554,#2555);
#2554 = CARTESIAN_POINT('',(133.15214949928,782.7389801886,-10.));
#2555 = VECTOR('',#2556,1.);
#2556 = DIRECTION('',(0.,0.,1.));
#2557 = PCURVE('',#1414,#2558);
#2558 = DEFINITIONAL_REPRESENTATION('',(#2559),#2563);
#2559 = LINE('',#2560,#2561);
#2560 = CARTESIAN_POINT('',(1.605551275464,0.));
#2561 = VECTOR('',#2562,1.);
#2562 = DIRECTION('',(0.,-1.));
#2563 = ( GEOMETRIC_REPRESENTATION_CONTEXT(2) 
PARAMETRIC_REPRESENTATION_CONTEXT() REPRESENTATION_CONTEXT('2D SPACE',''
  ) );
#2564 = PCURVE('',#1386,#2565);
#2565 = DEFINITIONAL_REPRESENTATION('',(#2566),#2570);
#2566 = LINE('',#2567,#2568);
#2567 = CARTESIAN_POINT('',(0.982793723247,0.));
#2568 = VECTOR('',#2569,1.);
#2569 = DIRECTION('',(0.,1.));
#2570 = ( GEOMETRIC_REPRESENTATION_CONTEXT(2) 
PARAMETRIC_REPRESENTATION_CONTEXT() REPRESENTATION_CONTEXT('2D SPACE',''
  ) );
#2571 = ORIENTED_EDGE('',*,*,#2572,.T.);
#2572 = EDGE_CURVE('',#2550,#2501,#2573,.T.);
#2573 = SURFACE_CURVE('',#2574,(#2578,#2585),.PCURVE_S1.);
#2574 = LINE('',#2575,#2576);
#2575 = CARTESIAN_POINT('',(133.56769674726,781.1881367462,10.));
#2576 = VECTOR('',#2577,1.);
#2577 = DIRECTION('',(-0.258819045103,0.965925826289,0.));
#2578 = PCURVE('',#1414,#2579);
#2579 = DEFINITIONAL_REPRESENTATION('',(#2580),#2584);
#2580 = LINE('',#2581,#2582);
#2581 = CARTESIAN_POINT('',(0.,-20.));
#2582 = VECTOR('',#2583,1.);
#2583 = DIRECTION('',(1.,0.));
#2584 = ( GEOMETRIC_REPRESENTATION_CONTEXT(2) 
PARAMETRIC_REPRESENTATION_CONTEXT() REPRESENTATION_CONTEXT('2D SPACE',''
  ) );
#2585 = PCURVE('',#1980,#2586);
#2586 = DEFINITIONAL_REPRESENTATION('',(#2587),#2591);
#2587 = LINE('',#2588,#2589);
#2588 = CARTESIAN_POINT('',(117.78205346709,15.162363373737));
#2589 = VECTOR('',#2590,1.);
#2590 = DIRECTION('',(0.,1.));
#2591 = ( GEOMETRIC_REPRESENTATION_CONTEXT(2) 
PARAMETRIC_REPRESENTATION_CONTEXT() REPRESENTATION_CONTEXT('2D SPACE',''
  ) );
#2592 = ORIENTED_EDGE('',*,*,#2524,.F.);
#2593 = ADVANCED_FACE('',(#2594),#1386,.T.);
#2594 = FACE_BOUND('',#2595,.T.);
#2595 = EDGE_LOOP('',(#2596,#2597,#2598,#2622));
#2596 = ORIENTED_EDGE('',*,*,#1369,.T.);
#2597 = ORIENTED_EDGE('',*,*,#2549,.T.);
#2598 = ORIENTED_EDGE('',*,*,#2599,.F.);
#2599 = EDGE_CURVE('',#2600,#2550,#2602,.T.);
#2600 = VERTEX_POINT('',#2601);
#2601 = CARTESIAN_POINT('',(132.50782114454,779.98212737439,10.));
#2602 = SURFACE_CURVE('',#2603,(#2608,#2615),.PCURVE_S1.);
#2603 = CIRCLE('',#2604,3.);
#2604 = AXIS2_PLACEMENT_3D('',#2605,#2606,#2607);
#2605 = CARTESIAN_POINT('',(130.25437202042,781.96252305329,10.));
#2606 = DIRECTION('',(-0.,0.,1.));
#2607 = DIRECTION('',(0.258819045103,-0.965925826289,0.));
#2608 = PCURVE('',#1386,#2609);
#2609 = DEFINITIONAL_REPRESENTATION('',(#2610),#2614);
#2610 = LINE('',#2611,#2612);
#2611 = CARTESIAN_POINT('',(-0.588002603548,20.));
#2612 = VECTOR('',#2613,1.);
#2613 = DIRECTION('',(1.,0.));
#2614 = ( GEOMETRIC_REPRESENTATION_CONTEXT(2) 
PARAMETRIC_REPRESENTATION_CONTEXT() REPRESENTATION_CONTEXT('2D SPACE',''
  ) );
#2615 = PCURVE('',#1980,#2616);
#2616 = DEFINITIONAL_REPRESENTATION('',(#2617),#2621);
#2617 = CIRCLE('',#2618,3.);
#2618 = AXIS2_PLACEMENT_2D('',#2619,#2620);
#2619 = CARTESIAN_POINT('',(114.78205346709,16.767914649201));
#2620 = DIRECTION('',(0.,-1.));
#2621 = ( GEOMETRIC_REPRESENTATION_CONTEXT(2) 
PARAMETRIC_REPRESENTATION_CONTEXT() REPRESENTATION_CONTEXT('2D SPACE',''
  ) );
#2622 = ORIENTED_EDGE('',*,*,#2623,.F.);
#2623 = EDGE_CURVE('',#1342,#2600,#2624,.T.);
#2624 = SURFACE_CURVE('',#2625,(#2629,#2636),.PCURVE_S1.);
#2625 = LINE('',#2626,#2627);
#2626 = CARTESIAN_POINT('',(132.50782114454,779.98212737439,-10.));
#2627 = VECTOR('',#2628,1.);
#2628 = DIRECTION('',(0.,0.,1.));
#2629 = PCURVE('',#1386,#2630);
#2630 = DEFINITIONAL_REPRESENTATION('',(#2631),#2635);
#2631 = LINE('',#2632,#2633);
#2632 = CARTESIAN_POINT('',(0.,0.));
#2633 = VECTOR('',#2634,1.);
#2634 = DIRECTION('',(0.,1.));
#2635 = ( GEOMETRIC_REPRESENTATION_CONTEXT(2) 
PARAMETRIC_REPRESENTATION_CONTEXT() REPRESENTATION_CONTEXT('2D SPACE',''
  ) );
#2636 = PCURVE('',#1357,#2637);
#2637 = DEFINITIONAL_REPRESENTATION('',(#2638),#2642);
#2638 = LINE('',#2639,#2640);
#2639 = CARTESIAN_POINT('',(12.816653826392,0.));
#2640 = VECTOR('',#2641,1.);
#2641 = DIRECTION('',(0.,-1.));
#2642 = ( GEOMETRIC_REPRESENTATION_CONTEXT(2) 
PARAMETRIC_REPRESENTATION_CONTEXT() REPRESENTATION_CONTEXT('2D SPACE',''
  ) );
#2643 = ADVANCED_FACE('',(#2644),#1357,.F.);
#2644 = FACE_BOUND('',#2645,.F.);
#2645 = EDGE_LOOP('',(#2646,#2647,#2670,#2691));
#2646 = ORIENTED_EDGE('',*,*,#1341,.F.);
#2647 = ORIENTED_EDGE('',*,*,#2648,.T.);
#2648 = EDGE_CURVE('',#1313,#2649,#2651,.T.);
#2649 = VERTEX_POINT('',#2650);
#2650 = CARTESIAN_POINT('',(124.2058535728,770.5354992322,10.));
#2651 = SURFACE_CURVE('',#2652,(#2656,#2663),.PCURVE_S1.);
#2652 = LINE('',#2653,#2654);
#2653 = CARTESIAN_POINT('',(124.2058535728,770.5354992322,-10.));
#2654 = VECTOR('',#2655,1.);
#2655 = DIRECTION('',(0.,0.,1.));
#2656 = PCURVE('',#1357,#2657);
#2657 = DEFINITIONAL_REPRESENTATION('',(#2658),#2662);
#2658 = LINE('',#2659,#2660);
#2659 = CARTESIAN_POINT('',(0.240428286954,0.));
#2660 = VECTOR('',#2661,1.);
#2661 = DIRECTION('',(0.,-1.));
#2662 = ( GEOMETRIC_REPRESENTATION_CONTEXT(2) 
PARAMETRIC_REPRESENTATION_CONTEXT() REPRESENTATION_CONTEXT('2D SPACE',''
  ) );
#2663 = PCURVE('',#1329,#2664);
#2664 = DEFINITIONAL_REPRESENTATION('',(#2665),#2669);
#2665 = LINE('',#2666,#2667);
#2666 = CARTESIAN_POINT('',(0.159943677101,0.));
#2667 = VECTOR('',#2668,1.);
#2668 = DIRECTION('',(0.,1.));
#2669 = ( GEOMETRIC_REPRESENTATION_CONTEXT(2) 
PARAMETRIC_REPRESENTATION_CONTEXT() REPRESENTATION_CONTEXT('2D SPACE',''
  ) );
#2670 = ORIENTED_EDGE('',*,*,#2671,.T.);
#2671 = EDGE_CURVE('',#2649,#2600,#2672,.T.);
#2672 = SURFACE_CURVE('',#2673,(#2677,#2684),.PCURVE_S1.);
#2673 = LINE('',#2674,#2675);
#2674 = CARTESIAN_POINT('',(124.04713919261,770.35490159465,10.));
#2675 = VECTOR('',#2676,1.);
#2676 = DIRECTION('',(0.660131892967,0.751149708039,0.));
#2677 = PCURVE('',#1357,#2678);
#2678 = DEFINITIONAL_REPRESENTATION('',(#2679),#2683);
#2679 = LINE('',#2680,#2681);
#2680 = CARTESIAN_POINT('',(0.,-20.));
#2681 = VECTOR('',#2682,1.);
#2682 = DIRECTION('',(1.,0.));
#2683 = ( GEOMETRIC_REPRESENTATION_CONTEXT(2) 
PARAMETRIC_REPRESENTATION_CONTEXT() REPRESENTATION_CONTEXT('2D SPACE',''
  ) );
#2684 = PCURVE('',#1980,#2685);
#2685 = DEFINITIONAL_REPRESENTATION('',(#2686),#2690);
#2686 = LINE('',#2687,#2688);
#2687 = CARTESIAN_POINT('',(105.78205346709,7.162363373737));
#2688 = VECTOR('',#2689,1.);
#2689 = DIRECTION('',(0.832050294338,0.554700196225));
#2690 = ( GEOMETRIC_REPRESENTATION_CONTEXT(2) 
PARAMETRIC_REPRESENTATION_CONTEXT() REPRESENTATION_CONTEXT('2D SPACE',''
  ) );
#2691 = ORIENTED_EDGE('',*,*,#2623,.F.);
#2692 = ADVANCED_FACE('',(#2693),#1329,.T.);
#2693 = FACE_BOUND('',#2694,.T.);
#2694 = EDGE_LOOP('',(#2695,#2696,#2697,#2721));
#2695 = ORIENTED_EDGE('',*,*,#1312,.T.);
#2696 = ORIENTED_EDGE('',*,*,#2648,.T.);
#2697 = ORIENTED_EDGE('',*,*,#2698,.F.);
#2698 = EDGE_CURVE('',#2699,#2649,#2701,.T.);
#2699 = VERTEX_POINT('',#2700);
#2700 = CARTESIAN_POINT('',(123.86168815246,770.20188632459,10.));
#2701 = SURFACE_CURVE('',#2702,(#2707,#2714),.PCURVE_S1.);
#2702 = CIRCLE('',#2703,3.);
#2703 = AXIS2_PLACEMENT_3D('',#2704,#2705,#2706);
#2704 = CARTESIAN_POINT('',(121.95240444869,772.5158949111,10.));
#2705 = DIRECTION('',(-0.,0.,1.));
#2706 = DIRECTION('',(0.258819045103,-0.965925826289,0.));
#2707 = PCURVE('',#1329,#2708);
#2708 = DEFINITIONAL_REPRESENTATION('',(#2709),#2713);
#2709 = LINE('',#2710,#2711);
#2710 = CARTESIAN_POINT('',(-0.428058926446,20.));
#2711 = VECTOR('',#2712,1.);
#2712 = DIRECTION('',(1.,0.));
#2713 = ( GEOMETRIC_REPRESENTATION_CONTEXT(2) 
PARAMETRIC_REPRESENTATION_CONTEXT() REPRESENTATION_CONTEXT('2D SPACE',''
  ) );
#2714 = PCURVE('',#1980,#2715);
#2715 = DEFINITIONAL_REPRESENTATION('',(#2716),#2720);
#2716 = CIRCLE('',#2717,3.);
#2717 = AXIS2_PLACEMENT_2D('',#2718,#2719);
#2718 = CARTESIAN_POINT('',(104.31800130534,9.791879874701));
#2719 = DIRECTION('',(0.,-1.));
#2720 = ( GEOMETRIC_REPRESENTATION_CONTEXT(2) 
PARAMETRIC_REPRESENTATION_CONTEXT() REPRESENTATION_CONTEXT('2D SPACE',''
  ) );
#2721 = ORIENTED_EDGE('',*,*,#2722,.F.);
#2722 = EDGE_CURVE('',#1285,#2699,#2723,.T.);
#2723 = SURFACE_CURVE('',#2724,(#2728,#2735),.PCURVE_S1.);
#2724 = LINE('',#2725,#2726);
#2725 = CARTESIAN_POINT('',(123.86168815246,770.20188632459,-10.));
#2726 = VECTOR('',#2727,1.);
#2727 = DIRECTION('',(0.,0.,1.));
#2728 = PCURVE('',#1329,#2729);
#2729 = DEFINITIONAL_REPRESENTATION('',(#2730),#2734);
#2730 = LINE('',#2731,#2732);
#2731 = CARTESIAN_POINT('',(0.,0.));
#2732 = VECTOR('',#2733,1.);
#2733 = DIRECTION('',(0.,1.));
#2734 = ( GEOMETRIC_REPRESENTATION_CONTEXT(2) 
PARAMETRIC_REPRESENTATION_CONTEXT() REPRESENTATION_CONTEXT('2D SPACE',''
  ) );
#2735 = PCURVE('',#1300,#2736);
#2736 = DEFINITIONAL_REPRESENTATION('',(#2737),#2741);
#2737 = LINE('',#2738,#2739);
#2738 = CARTESIAN_POINT('',(144.3010882403,0.));
#2739 = VECTOR('',#2740,1.);
#2740 = DIRECTION('',(0.,-1.));
#2741 = ( GEOMETRIC_REPRESENTATION_CONTEXT(2) 
PARAMETRIC_REPRESENTATION_CONTEXT() REPRESENTATION_CONTEXT('2D SPACE',''
  ) );
#2742 = ADVANCED_FACE('',(#2743),#1300,.F.);
#2743 = FACE_BOUND('',#2744,.F.);
#2744 = EDGE_LOOP('',(#2745,#2746,#2769,#2790));
#2745 = ORIENTED_EDGE('',*,*,#1284,.F.);
#2746 = ORIENTED_EDGE('',*,*,#2747,.T.);
#2747 = EDGE_CURVE('',#1256,#2748,#2750,.T.);
#2748 = VERTEX_POINT('',#2749);
#2749 = CARTESIAN_POINT('',(13.060005428846,678.77964683596,10.));
#2750 = SURFACE_CURVE('',#2751,(#2755,#2762),.PCURVE_S1.);
#2751 = LINE('',#2752,#2753);
#2752 = CARTESIAN_POINT('',(13.060005428846,678.77964683596,-10.));
#2753 = VECTOR('',#2754,1.);
#2754 = DIRECTION('',(0.,0.,1.));
#2755 = PCURVE('',#1300,#2756);
#2756 = DEFINITIONAL_REPRESENTATION('',(#2757),#2761);
#2757 = LINE('',#2758,#2759);
#2758 = CARTESIAN_POINT('',(0.652075826363,0.));
#2759 = VECTOR('',#2760,1.);
#2760 = DIRECTION('',(0.,-1.));
#2761 = ( GEOMETRIC_REPRESENTATION_CONTEXT(2) 
PARAMETRIC_REPRESENTATION_CONTEXT() REPRESENTATION_CONTEXT('2D SPACE',''
  ) );
#2762 = PCURVE('',#1272,#2763);
#2763 = DEFINITIONAL_REPRESENTATION('',(#2764),#2768);
#2764 = LINE('',#2765,#2766);
#2765 = CARTESIAN_POINT('',(0.428058926446,0.));
#2766 = VECTOR('',#2767,1.);
#2767 = DIRECTION('',(0.,1.));
#2768 = ( GEOMETRIC_REPRESENTATION_CONTEXT(2) 
PARAMETRIC_REPRESENTATION_CONTEXT() REPRESENTATION_CONTEXT('2D SPACE',''
  ) );
#2769 = ORIENTED_EDGE('',*,*,#2770,.T.);
#2770 = EDGE_CURVE('',#2748,#2699,#2771,.T.);
#2771 = SURFACE_CURVE('',#2772,(#2776,#2783),.PCURVE_S1.);
#2772 = LINE('',#2773,#2774);
#2773 = CARTESIAN_POINT('',(12.557035741758,678.36464758633,10.));
#2774 = VECTOR('',#2775,1.);
#2775 = DIRECTION('',(0.771336195506,0.63642790126,0.));
#2776 = PCURVE('',#1300,#2777);
#2777 = DEFINITIONAL_REPRESENTATION('',(#2778),#2782);
#2778 = LINE('',#2779,#2780);
#2779 = CARTESIAN_POINT('',(0.,-20.));
#2780 = VECTOR('',#2781,1.);
#2781 = DIRECTION('',(1.,0.));
#2782 = ( GEOMETRIC_REPRESENTATION_CONTEXT(2) 
PARAMETRIC_REPRESENTATION_CONTEXT() REPRESENTATION_CONTEXT('2D SPACE',''
  ) );
#2783 = PCURVE('',#1980,#2784);
#2784 = DEFINITIONAL_REPRESENTATION('',(#2785),#2789);
#2785 = LINE('',#2786,#2787);
#2786 = CARTESIAN_POINT('',(-25.71794653291,-52.83763662626));
#2787 = VECTOR('',#2788,1.);
#2788 = DIRECTION('',(0.909773213672,0.415105648824));
#2789 = ( GEOMETRIC_REPRESENTATION_CONTEXT(2) 
PARAMETRIC_REPRESENTATION_CONTEXT() REPRESENTATION_CONTEXT('2D SPACE',''
  ) );
#2790 = ORIENTED_EDGE('',*,*,#2722,.F.);
#2791 = ADVANCED_FACE('',(#2792),#1272,.T.);
#2792 = FACE_BOUND('',#2793,.T.);
#2793 = EDGE_LOOP('',(#2794,#2815,#2816,#2817,#2841,#2862,#2863));
#2794 = ORIENTED_EDGE('',*,*,#2795,.F.);
#2795 = EDGE_CURVE('',#1228,#1759,#2796,.T.);
#2796 = SURFACE_CURVE('',#2797,(#2801,#2808),.PCURVE_S1.);
#2797 = LINE('',#2798,#2799);
#2798 = CARTESIAN_POINT('',(11.927178860375,678.19587794361,-10.));
#2799 = VECTOR('',#2800,1.);
#2800 = DIRECTION('',(0.,0.,1.));
#2801 = PCURVE('',#1272,#2802);
#2802 = DEFINITIONAL_REPRESENTATION('',(#2803),#2807);
#2803 = LINE('',#2804,#2805);
#2804 = CARTESIAN_POINT('',(0.,0.));
#2805 = VECTOR('',#2806,1.);
#2806 = DIRECTION('',(0.,1.));
#2807 = ( GEOMETRIC_REPRESENTATION_CONTEXT(2) 
PARAMETRIC_REPRESENTATION_CONTEXT() REPRESENTATION_CONTEXT('2D SPACE',''
  ) );
#2808 = PCURVE('',#1243,#2809);
#2809 = DEFINITIONAL_REPRESENTATION('',(#2810),#2814);
#2810 = LINE('',#2811,#2812);
#2811 = CARTESIAN_POINT('',(25.347924173637,0.));
#2812 = VECTOR('',#2813,1.);
#2813 = DIRECTION('',(0.,-1.));
#2814 = ( GEOMETRIC_REPRESENTATION_CONTEXT(2) 
PARAMETRIC_REPRESENTATION_CONTEXT() REPRESENTATION_CONTEXT('2D SPACE',''
  ) );
#2815 = ORIENTED_EDGE('',*,*,#1255,.T.);
#2816 = ORIENTED_EDGE('',*,*,#2747,.T.);
#2817 = ORIENTED_EDGE('',*,*,#2818,.F.);
#2818 = EDGE_CURVE('',#2819,#2748,#2821,.T.);
#2819 = VERTEX_POINT('',#2820);
#2820 = CARTESIAN_POINT('',(11.927178860375,678.19587794361,10.));
#2821 = SURFACE_CURVE('',#2822,(#2827,#2834),.PCURVE_S1.);
#2822 = CIRCLE('',#2823,3.);
#2823 = AXIS2_PLACEMENT_3D('',#2824,#2825,#2826);
#2824 = CARTESIAN_POINT('',(11.150721725068,681.09365542248,10.));
#2825 = DIRECTION('',(-0.,0.,1.));
#2826 = DIRECTION('',(0.258819045103,-0.965925826289,0.));
#2827 = PCURVE('',#1272,#2828);
#2828 = DEFINITIONAL_REPRESENTATION('',(#2829),#2833);
#2829 = LINE('',#2830,#2831);
#2830 = CARTESIAN_POINT('',(0.,20.));
#2831 = VECTOR('',#2832,1.);
#2832 = DIRECTION('',(1.,0.));
#2833 = ( GEOMETRIC_REPRESENTATION_CONTEXT(2) 
PARAMETRIC_REPRESENTATION_CONTEXT() REPRESENTATION_CONTEXT('2D SPACE',''
  ) );
#2834 = PCURVE('',#1980,#2835);
#2835 = DEFINITIONAL_REPRESENTATION('',(#2836),#2840);
#2836 = CIRCLE('',#2837,3.);
#2837 = AXIS2_PLACEMENT_2D('',#2838,#2839);
#2838 = CARTESIAN_POINT('',(-26.37002235927,-49.83763662626));
#2839 = DIRECTION('',(0.,-1.));
#2840 = ( GEOMETRIC_REPRESENTATION_CONTEXT(2) 
PARAMETRIC_REPRESENTATION_CONTEXT() REPRESENTATION_CONTEXT('2D SPACE',''
  ) );
#2841 = ORIENTED_EDGE('',*,*,#2842,.F.);
#2842 = EDGE_CURVE('',#1658,#2819,#2843,.T.);
#2843 = SURFACE_CURVE('',#2844,(#2848,#2855),.PCURVE_S1.);
#2844 = LINE('',#2845,#2846);
#2845 = CARTESIAN_POINT('',(11.927178860375,678.19587794361,-10.));
#2846 = VECTOR('',#2847,1.);
#2847 = DIRECTION('',(0.,0.,1.));
#2848 = PCURVE('',#1272,#2849);
#2849 = DEFINITIONAL_REPRESENTATION('',(#2850),#2854);
#2850 = LINE('',#2851,#2852);
#2851 = CARTESIAN_POINT('',(0.,0.));
#2852 = VECTOR('',#2853,1.);
#2853 = DIRECTION('',(0.,1.));
#2854 = ( GEOMETRIC_REPRESENTATION_CONTEXT(2) 
PARAMETRIC_REPRESENTATION_CONTEXT() REPRESENTATION_CONTEXT('2D SPACE',''
  ) );
#2855 = PCURVE('',#2059,#2856);
#2856 = DEFINITIONAL_REPRESENTATION('',(#2857),#2861);
#2857 = LINE('',#2858,#2859);
#2858 = CARTESIAN_POINT('',(25.347924173637,0.));
#2859 = VECTOR('',#2860,1.);
#2860 = DIRECTION('',(0.,-1.));
#2861 = ( GEOMETRIC_REPRESENTATION_CONTEXT(2) 
PARAMETRIC_REPRESENTATION_CONTEXT() REPRESENTATION_CONTEXT('2D SPACE',''
  ) );
#2862 = ORIENTED_EDGE('',*,*,#1655,.F.);
#2863 = ORIENTED_EDGE('',*,*,#1758,.F.);
#2864 = ADVANCED_FACE('',(#2865),#1243,.F.);
#2865 = FACE_BOUND('',#2866,.F.);
#2866 = EDGE_LOOP('',(#2867,#2868,#2869));
#2867 = ORIENTED_EDGE('',*,*,#1227,.F.);
#2868 = ORIENTED_EDGE('',*,*,#1808,.F.);
#2869 = ORIENTED_EDGE('',*,*,#2795,.F.);
#2870 = ADVANCED_FACE('',(#2871),#1192,.F.);
#2871 = FACE_BOUND('',#2872,.F.);
#2872 = EDGE_LOOP('',(#2873,#2874));
#2873 = ORIENTED_EDGE('',*,*,#1831,.T.);
#2874 = ORIENTED_EDGE('',*,*,#1176,.F.);
#2875 = ADVANCED_FACE('',(#2876),#2059,.F.);
#2876 = FACE_BOUND('',#2877,.F.);
#2877 = EDGE_LOOP('',(#2878,#2879,#2880));
#2878 = ORIENTED_EDGE('',*,*,#2842,.F.);
#2879 = ORIENTED_EDGE('',*,*,#2044,.F.);
#2880 = ORIENTED_EDGE('',*,*,#2881,.T.);
#2881 = EDGE_CURVE('',#2022,#2819,#2882,.T.);
#2882 = SURFACE_CURVE('',#2883,(#2887,#2894),.PCURVE_S1.);
#2883 = LINE('',#2884,#2885);
#2884 = CARTESIAN_POINT('',(-12.55703574175,671.63535241366,10.));
#2885 = VECTOR('',#2886,1.);
#2886 = DIRECTION('',(0.965925826289,0.258819045103,0.));
#2887 = PCURVE('',#2059,#2888);
#2888 = DEFINITIONAL_REPRESENTATION('',(#2889),#2893);
#2889 = LINE('',#2890,#2891);
#2890 = CARTESIAN_POINT('',(0.,-20.));
#2891 = VECTOR('',#2892,1.);
#2892 = DIRECTION('',(1.,0.));
#2893 = ( GEOMETRIC_REPRESENTATION_CONTEXT(2) 
PARAMETRIC_REPRESENTATION_CONTEXT() REPRESENTATION_CONTEXT('2D SPACE',''
  ) );
#2894 = PCURVE('',#1980,#2895);
#2895 = DEFINITIONAL_REPRESENTATION('',(#2896),#2900);
#2896 = LINE('',#2897,#2898);
#2897 = CARTESIAN_POINT('',(-51.71794653291,-52.83763662626));
#2898 = VECTOR('',#2899,1.);
#2899 = DIRECTION('',(1.,0.));
#2900 = ( GEOMETRIC_REPRESENTATION_CONTEXT(2) 
PARAMETRIC_REPRESENTATION_CONTEXT() REPRESENTATION_CONTEXT('2D SPACE',''
  ) );
#2901 = ADVANCED_FACE('',(#2902,#2964,#3088),#1980,.T.);
#2902 = FACE_BOUND('',#2903,.T.);
#2903 = EDGE_LOOP('',(#2904,#2905,#2926,#2927,#2948,#2949,#2950,#2951,
    #2952,#2953,#2954,#2955,#2956,#2957,#2958,#2959,#2960,#2961,#2962,
    #2963));
#2904 = ORIENTED_EDGE('',*,*,#2099,.F.);
#2905 = ORIENTED_EDGE('',*,*,#2906,.T.);
#2906 = EDGE_CURVE('',#2100,#1936,#2907,.T.);
#2907 = SURFACE_CURVE('',#2908,(#2912,#2919),.PCURVE_S1.);
#2908 = LINE('',#2909,#2910);
#2909 = CARTESIAN_POINT('',(-12.55703574175,671.63535241366,10.));
#2910 = VECTOR('',#2911,1.);
#2911 = DIRECTION('',(0.965925826289,0.258819045103,0.));
#2912 = PCURVE('',#1980,#2913);
#2913 = DEFINITIONAL_REPRESENTATION('',(#2914),#2918);
#2914 = LINE('',#2915,#2916);
#2915 = CARTESIAN_POINT('',(-51.71794653291,-52.83763662626));
#2916 = VECTOR('',#2917,1.);
#2917 = DIRECTION('',(1.,0.));
#2918 = ( GEOMETRIC_REPRESENTATION_CONTEXT(2) 
PARAMETRIC_REPRESENTATION_CONTEXT() REPRESENTATION_CONTEXT('2D SPACE',''
  ) );
#2919 = PCURVE('',#1952,#2920);
#2920 = DEFINITIONAL_REPRESENTATION('',(#2921),#2925);
#2921 = LINE('',#2922,#2923);
#2922 = CARTESIAN_POINT('',(0.,-20.));
#2923 = VECTOR('',#2924,1.);
#2924 = DIRECTION('',(1.,0.));
#2925 = ( GEOMETRIC_REPRESENTATION_CONTEXT(2) 
PARAMETRIC_REPRESENTATION_CONTEXT() REPRESENTATION_CONTEXT('2D SPACE',''
  ) );
#2926 = ORIENTED_EDGE('',*,*,#1964,.T.);
#2927 = ORIENTED_EDGE('',*,*,#2928,.T.);
#2928 = EDGE_CURVE('',#1965,#1993,#2929,.T.);
#2929 = SURFACE_CURVE('',#2930,(#2934,#2941),.PCURVE_S1.);
#2930 = LINE('',#2931,#2932);
#2931 = CARTESIAN_POINT('',(16.628779887688,687.7378775853,10.));
#2932 = VECTOR('',#2933,1.);
#2933 = DIRECTION('',(0.965925826289,0.258819045103,0.));
#2934 = PCURVE('',#1980,#2935);
#2935 = DEFINITIONAL_REPRESENTATION('',(#2936),#2940);
#2936 = LINE('',#2937,#2938);
#2937 = CARTESIAN_POINT('',(-19.35897326645,-44.83763662626));
#2938 = VECTOR('',#2939,1.);
#2939 = DIRECTION('',(1.,0.));
#2940 = ( GEOMETRIC_REPRESENTATION_CONTEXT(2) 
PARAMETRIC_REPRESENTATION_CONTEXT() REPRESENTATION_CONTEXT('2D SPACE',''
  ) );
#2941 = PCURVE('',#2009,#2942);
#2942 = DEFINITIONAL_REPRESENTATION('',(#2943),#2947);
#2943 = LINE('',#2944,#2945);
#2944 = CARTESIAN_POINT('',(-10.,19.358973266455));
#2945 = VECTOR('',#2946,1.);
#2946 = DIRECTION('',(0.,1.));
#2947 = ( GEOMETRIC_REPRESENTATION_CONTEXT(2) 
PARAMETRIC_REPRESENTATION_CONTEXT() REPRESENTATION_CONTEXT('2D SPACE',''
  ) );
#2948 = ORIENTED_EDGE('',*,*,#2021,.F.);
#2949 = ORIENTED_EDGE('',*,*,#2881,.T.);
#2950 = ORIENTED_EDGE('',*,*,#2818,.T.);
#2951 = ORIENTED_EDGE('',*,*,#2770,.T.);
#2952 = ORIENTED_EDGE('',*,*,#2698,.T.);
#2953 = ORIENTED_EDGE('',*,*,#2671,.T.);
#2954 = ORIENTED_EDGE('',*,*,#2599,.T.);
#2955 = ORIENTED_EDGE('',*,*,#2572,.T.);
#2956 = ORIENTED_EDGE('',*,*,#2500,.T.);
#2957 = ORIENTED_EDGE('',*,*,#2473,.T.);
#2958 = ORIENTED_EDGE('',*,*,#2401,.T.);
#2959 = ORIENTED_EDGE('',*,*,#2374,.T.);
#2960 = ORIENTED_EDGE('',*,*,#2302,.T.);
#2961 = ORIENTED_EDGE('',*,*,#2275,.T.);
#2962 = ORIENTED_EDGE('',*,*,#2203,.T.);
#2963 = ORIENTED_EDGE('',*,*,#2176,.T.);
#2964 = FACE_BOUND('',#2965,.T.);
#2965 = EDGE_LOOP('',(#2966,#2996,#3029,#3057));
#2966 = ORIENTED_EDGE('',*,*,#2967,.F.);
#2967 = EDGE_CURVE('',#2968,#2970,#2972,.T.);
#2968 = VERTEX_POINT('',#2969);
#2969 = CARTESIAN_POINT('',(-36.53927421079,741.81976833354,10.));
#2970 = VERTEX_POINT('',#2971);
#2971 = CARTESIAN_POINT('',(-51.99408743141,737.6786636119,10.));
#2972 = SURFACE_CURVE('',#2973,(#2977,#2984),.PCURVE_S1.);
#2973 = LINE('',#2974,#2975);
#2974 = CARTESIAN_POINT('',(-16.87401613599,747.08905835363,10.));
#2975 = VECTOR('',#2976,1.);
#2976 = DIRECTION('',(-0.965925826289,-0.258819045103,0.));
#2977 = PCURVE('',#1980,#2978);
#2978 = DEFINITIONAL_REPRESENTATION('',(#2979),#2983);
#2979 = LINE('',#2980,#2981);
#2980 = CARTESIAN_POINT('',(-36.35897326645,21.162363373737));
#2981 = VECTOR('',#2982,1.);
#2982 = DIRECTION('',(-1.,0.));
#2983 = ( GEOMETRIC_REPRESENTATION_CONTEXT(2) 
PARAMETRIC_REPRESENTATION_CONTEXT() REPRESENTATION_CONTEXT('2D SPACE',''
  ) );
#2984 = PCURVE('',#2985,#2990);
#2985 = PLANE('',#2986);
#2986 = AXIS2_PLACEMENT_3D('',#2987,#2988,#2989);
#2987 = CARTESIAN_POINT('',(-51.99408743141,737.6786636119,8.));
#2988 = DIRECTION('',(-0.258819045103,0.965925826289,0.));
#2989 = DIRECTION('',(0.965925826289,0.258819045103,0.));
#2990 = DEFINITIONAL_REPRESENTATION('',(#2991),#2995);
#2991 = LINE('',#2992,#2993);
#2992 = CARTESIAN_POINT('',(36.358973266455,-2.));
#2993 = VECTOR('',#2994,1.);
#2994 = DIRECTION('',(-1.,-0.));
#2995 = ( GEOMETRIC_REPRESENTATION_CONTEXT(2) 
PARAMETRIC_REPRESENTATION_CONTEXT() REPRESENTATION_CONTEXT('2D SPACE',''
  ) );
#2996 = ORIENTED_EDGE('',*,*,#2997,.T.);
#2997 = EDGE_CURVE('',#2968,#2998,#3000,.T.);
#2998 = VERTEX_POINT('',#2999);
#2999 = CARTESIAN_POINT('',(-34.98635994017,736.02421337581,10.));
#3000 = SURFACE_CURVE('',#3001,(#3006,#3017),.PCURVE_S1.);
#3001 = CIRCLE('',#3002,3.);
#3002 = AXIS2_PLACEMENT_3D('',#3003,#3004,#3005);
#3003 = CARTESIAN_POINT('',(-35.76281707548,738.92199085467,10.));
#3004 = DIRECTION('',(0.,0.,-1.));
#3005 = DIRECTION('',(-0.258819045103,0.965925826289,0.));
#3006 = PCURVE('',#1980,#3007);
#3007 = DEFINITIONAL_REPRESENTATION('',(#3008),#3016);
#3008 = ( BOUNDED_CURVE() B_SPLINE_CURVE(2,(#3009,#3010,#3011,#3012,
#3013,#3014,#3015),.UNSPECIFIED.,.T.,.F.) B_SPLINE_CURVE_WITH_KNOTS((1,2
    ,2,2,2,1),(-2.094395102393,0.,2.094395102393,4.188790204786,
6.28318530718,8.377580409573),.UNSPECIFIED.) CURVE() 
GEOMETRIC_REPRESENTATION_ITEM() RATIONAL_B_SPLINE_CURVE((1.,0.5,1.,0.5,
1.,0.5,1.)) REPRESENTATION_ITEM('') );
#3009 = CARTESIAN_POINT('',(-56.71794653291,21.162363373737));
#3010 = CARTESIAN_POINT('',(-51.5217941102,21.162363373737));
#3011 = CARTESIAN_POINT('',(-54.11987032155,16.662363373737));
#3012 = CARTESIAN_POINT('',(-56.71794653291,12.162363373737));
#3013 = CARTESIAN_POINT('',(-59.31602274426,16.662363373737));
#3014 = CARTESIAN_POINT('',(-61.91409895561,21.162363373737));
#3015 = CARTESIAN_POINT('',(-56.71794653291,21.162363373737));
#3016 = ( GEOMETRIC_REPRESENTATION_CONTEXT(2) 
PARAMETRIC_REPRESENTATION_CONTEXT() REPRESENTATION_CONTEXT('2D SPACE',''
  ) );
#3017 = PCURVE('',#3018,#3023);
#3018 = CYLINDRICAL_SURFACE('',#3019,3.);
#3019 = AXIS2_PLACEMENT_3D('',#3020,#3021,#3022);
#3020 = CARTESIAN_POINT('',(-35.76281707548,738.92199085467,8.));
#3021 = DIRECTION('',(0.,0.,-1.));
#3022 = DIRECTION('',(-0.258819045103,0.965925826289,0.));
#3023 = DEFINITIONAL_REPRESENTATION('',(#3024),#3028);
#3024 = LINE('',#3025,#3026);
#3025 = CARTESIAN_POINT('',(0.,-2.));
#3026 = VECTOR('',#3027,1.);
#3027 = DIRECTION('',(1.,0.));
#3028 = ( GEOMETRIC_REPRESENTATION_CONTEXT(2) 
PARAMETRIC_REPRESENTATION_CONTEXT() REPRESENTATION_CONTEXT('2D SPACE',''
  ) );
#3029 = ORIENTED_EDGE('',*,*,#3030,.F.);
#3030 = EDGE_CURVE('',#3031,#2998,#3033,.T.);
#3031 = VERTEX_POINT('',#3032);
#3032 = CARTESIAN_POINT('',(-50.4411731608,731.88310865417,10.));
#3033 = SURFACE_CURVE('',#3034,(#3038,#3045),.PCURVE_S1.);
#3034 = LINE('',#3035,#3036);
#3035 = CARTESIAN_POINT('',(-7.593695255065,743.36405575672,10.));
#3036 = VECTOR('',#3037,1.);
#3037 = DIRECTION('',(0.965925826289,0.258819045103,0.));
#3038 = PCURVE('',#1980,#3039);
#3039 = DEFINITIONAL_REPRESENTATION('',(#3040),#3044);
#3040 = LINE('',#3041,#3042);
#3041 = CARTESIAN_POINT('',(-28.35897326645,15.162363373737));
#3042 = VECTOR('',#3043,1.);
#3043 = DIRECTION('',(1.,0.));
#3044 = ( GEOMETRIC_REPRESENTATION_CONTEXT(2) 
PARAMETRIC_REPRESENTATION_CONTEXT() REPRESENTATION_CONTEXT('2D SPACE',''
  ) );
#3045 = PCURVE('',#3046,#3051);
#3046 = PLANE('',#3047);
#3047 = AXIS2_PLACEMENT_3D('',#3048,#3049,#3050);
#3048 = CARTESIAN_POINT('',(-34.98635994017,736.02421337581,8.));
#3049 = DIRECTION('',(0.258819045103,-0.965925826289,0.));
#3050 = DIRECTION('',(-0.965925826289,-0.258819045103,0.));
#3051 = DEFINITIONAL_REPRESENTATION('',(#3052),#3056);
#3052 = LINE('',#3053,#3054);
#3053 = CARTESIAN_POINT('',(-28.35897326645,-2.));
#3054 = VECTOR('',#3055,1.);
#3055 = DIRECTION('',(-1.,0.));
#3056 = ( GEOMETRIC_REPRESENTATION_CONTEXT(2) 
PARAMETRIC_REPRESENTATION_CONTEXT() REPRESENTATION_CONTEXT('2D SPACE',''
  ) );
#3057 = ORIENTED_EDGE('',*,*,#3058,.T.);
#3058 = EDGE_CURVE('',#3031,#2970,#3059,.T.);
#3059 = SURFACE_CURVE('',#3060,(#3065,#3076),.PCURVE_S1.);
#3060 = CIRCLE('',#3061,3.);
#3061 = AXIS2_PLACEMENT_3D('',#3062,#3063,#3064);
#3062 = CARTESIAN_POINT('',(-51.2176302961,734.78088613303,10.));
#3063 = DIRECTION('',(0.,-0.,-1.));
#3064 = DIRECTION('',(0.258819045103,-0.965925826289,0.));
#3065 = PCURVE('',#1980,#3066);
#3066 = DEFINITIONAL_REPRESENTATION('',(#3067),#3075);
#3067 = ( BOUNDED_CURVE() B_SPLINE_CURVE(2,(#3068,#3069,#3070,#3071,
#3072,#3073,#3074),.UNSPECIFIED.,.T.,.F.) B_SPLINE_CURVE_WITH_KNOTS((1,2
    ,2,2,2,1),(-2.094395102393,0.,2.094395102393,4.188790204786,
6.28318530718,8.377580409573),.UNSPECIFIED.) CURVE() 
GEOMETRIC_REPRESENTATION_ITEM() RATIONAL_B_SPLINE_CURVE((1.,0.5,1.,0.5,
1.,0.5,1.)) REPRESENTATION_ITEM('') );
#3068 = CARTESIAN_POINT('',(-72.71794653291,15.162363373737));
#3069 = CARTESIAN_POINT('',(-77.91409895561,15.162363373737));
#3070 = CARTESIAN_POINT('',(-75.31602274426,19.662363373737));
#3071 = CARTESIAN_POINT('',(-72.71794653291,24.162363373737));
#3072 = CARTESIAN_POINT('',(-70.11987032155,19.662363373737));
#3073 = CARTESIAN_POINT('',(-67.5217941102,15.162363373737));
#3074 = CARTESIAN_POINT('',(-72.71794653291,15.162363373737));
#3075 = ( GEOMETRIC_REPRESENTATION_CONTEXT(2) 
PARAMETRIC_REPRESENTATION_CONTEXT() REPRESENTATION_CONTEXT('2D SPACE',''
  ) );
#3076 = PCURVE('',#3077,#3082);
#3077 = CYLINDRICAL_SURFACE('',#3078,3.);
#3078 = AXIS2_PLACEMENT_3D('',#3079,#3080,#3081);
#3079 = CARTESIAN_POINT('',(-51.2176302961,734.78088613303,8.));
#3080 = DIRECTION('',(0.,0.,-1.));
#3081 = DIRECTION('',(0.258819045103,-0.965925826289,0.));
#3082 = DEFINITIONAL_REPRESENTATION('',(#3083),#3087);
#3083 = LINE('',#3084,#3085);
#3084 = CARTESIAN_POINT('',(0.,-2.));
#3085 = VECTOR('',#3086,1.);
#3086 = DIRECTION('',(1.,0.));
#3087 = ( GEOMETRIC_REPRESENTATION_CONTEXT(2) 
PARAMETRIC_REPRESENTATION_CONTEXT() REPRESENTATION_CONTEXT('2D SPACE',''
  ) );
#3088 = FACE_BOUND('',#3089,.T.);
#3089 = EDGE_LOOP('',(#3090,#3120,#3153,#3181));
#3090 = ORIENTED_EDGE('',*,*,#3091,.F.);
#3091 = EDGE_CURVE('',#3092,#3094,#3096,.T.);
#3092 = VERTEX_POINT('',#3093);
#3093 = CARTESIAN_POINT('',(89.031083206789,775.46624419687,10.));
#3094 = VERTEX_POINT('',#3095);
#3095 = CARTESIAN_POINT('',(73.576269986164,771.32513947523,10.));
#3096 = SURFACE_CURVE('',#3097,(#3101,#3108),.PCURVE_S1.);
#3097 = LINE('',#3098,#3099);
#3098 = CARTESIAN_POINT('',(45.911162572797,763.9122962853,10.));
#3099 = VECTOR('',#3100,1.);
#3100 = DIRECTION('',(-0.965925826289,-0.258819045103,0.));
#3101 = PCURVE('',#1980,#3102);
#3102 = DEFINITIONAL_REPRESENTATION('',(#3103),#3107);
#3103 = LINE('',#3104,#3105);
#3104 = CARTESIAN_POINT('',(28.641026733545,21.162363373737));
#3105 = VECTOR('',#3106,1.);
#3106 = DIRECTION('',(-1.,0.));
#3107 = ( GEOMETRIC_REPRESENTATION_CONTEXT(2) 
PARAMETRIC_REPRESENTATION_CONTEXT() REPRESENTATION_CONTEXT('2D SPACE',''
  ) );
#3108 = PCURVE('',#3109,#3114);
#3109 = PLANE('',#3110);
#3110 = AXIS2_PLACEMENT_3D('',#3111,#3112,#3113);
#3111 = CARTESIAN_POINT('',(73.576269986164,771.32513947523,8.));
#3112 = DIRECTION('',(-0.258819045103,0.965925826289,0.));
#3113 = DIRECTION('',(0.965925826289,0.258819045103,0.));
#3114 = DEFINITIONAL_REPRESENTATION('',(#3115),#3119);
#3115 = LINE('',#3116,#3117);
#3116 = CARTESIAN_POINT('',(-28.64102673354,-2.));
#3117 = VECTOR('',#3118,1.);
#3118 = DIRECTION('',(-1.,-0.));
#3119 = ( GEOMETRIC_REPRESENTATION_CONTEXT(2) 
PARAMETRIC_REPRESENTATION_CONTEXT() REPRESENTATION_CONTEXT('2D SPACE',''
  ) );
#3120 = ORIENTED_EDGE('',*,*,#3121,.T.);
#3121 = EDGE_CURVE('',#3092,#3122,#3124,.T.);
#3122 = VERTEX_POINT('',#3123);
#3123 = CARTESIAN_POINT('',(90.583997477404,769.67068923913,10.));
#3124 = SURFACE_CURVE('',#3125,(#3130,#3141),.PCURVE_S1.);
#3125 = CIRCLE('',#3126,3.);
#3126 = AXIS2_PLACEMENT_3D('',#3127,#3128,#3129);
#3127 = CARTESIAN_POINT('',(89.807540342097,772.568466718,10.));
#3128 = DIRECTION('',(0.,0.,-1.));
#3129 = DIRECTION('',(-0.258819045103,0.965925826289,0.));
#3130 = PCURVE('',#1980,#3131);
#3131 = DEFINITIONAL_REPRESENTATION('',(#3132),#3140);
#3132 = ( BOUNDED_CURVE() B_SPLINE_CURVE(2,(#3133,#3134,#3135,#3136,
#3137,#3138,#3139),.UNSPECIFIED.,.T.,.F.) B_SPLINE_CURVE_WITH_KNOTS((1,2
    ,2,2,2,1),(-2.094395102393,0.,2.094395102393,4.188790204786,
6.28318530718,8.377580409573),.UNSPECIFIED.) CURVE() 
GEOMETRIC_REPRESENTATION_ITEM() RATIONAL_B_SPLINE_CURVE((1.,0.5,1.,0.5,
1.,0.5,1.)) REPRESENTATION_ITEM('') );
#3133 = CARTESIAN_POINT('',(73.28205346709,21.162363373737));
#3134 = CARTESIAN_POINT('',(78.478205889797,21.162363373737));
#3135 = CARTESIAN_POINT('',(75.880129678443,16.662363373737));
#3136 = CARTESIAN_POINT('',(73.28205346709,12.162363373737));
#3137 = CARTESIAN_POINT('',(70.683977255737,16.662363373737));
#3138 = CARTESIAN_POINT('',(68.085901044383,21.162363373737));
#3139 = CARTESIAN_POINT('',(73.28205346709,21.162363373737));
#3140 = ( GEOMETRIC_REPRESENTATION_CONTEXT(2) 
PARAMETRIC_REPRESENTATION_CONTEXT() REPRESENTATION_CONTEXT('2D SPACE',''
  ) );
#3141 = PCURVE('',#3142,#3147);
#3142 = CYLINDRICAL_SURFACE('',#3143,3.);
#3143 = AXIS2_PLACEMENT_3D('',#3144,#3145,#3146);
#3144 = CARTESIAN_POINT('',(89.807540342097,772.568466718,8.));
#3145 = DIRECTION('',(0.,0.,-1.));
#3146 = DIRECTION('',(-0.258819045103,0.965925826289,0.));
#3147 = DEFINITIONAL_REPRESENTATION('',(#3148),#3152);
#3148 = LINE('',#3149,#3150);
#3149 = CARTESIAN_POINT('',(0.,-2.));
#3150 = VECTOR('',#3151,1.);
#3151 = DIRECTION('',(1.,0.));
#3152 = ( GEOMETRIC_REPRESENTATION_CONTEXT(2) 
PARAMETRIC_REPRESENTATION_CONTEXT() REPRESENTATION_CONTEXT('2D SPACE',''
  ) );
#3153 = ORIENTED_EDGE('',*,*,#3154,.F.);
#3154 = EDGE_CURVE('',#3155,#3122,#3157,.T.);
#3155 = VERTEX_POINT('',#3156);
#3156 = CARTESIAN_POINT('',(75.129184256779,765.52958451749,10.));
#3157 = SURFACE_CURVE('',#3158,(#3162,#3169),.PCURVE_S1.);
#3158 = LINE('',#3159,#3160);
#3159 = CARTESIAN_POINT('',(55.191483453725,760.18729368838,10.));
#3160 = VECTOR('',#3161,1.);
#3161 = DIRECTION('',(0.965925826289,0.258819045103,0.));
#3162 = PCURVE('',#1980,#3163);
#3163 = DEFINITIONAL_REPRESENTATION('',(#3164),#3168);
#3164 = LINE('',#3165,#3166);
#3165 = CARTESIAN_POINT('',(36.641026733545,15.162363373737));
#3166 = VECTOR('',#3167,1.);
#3167 = DIRECTION('',(1.,0.));
#3168 = ( GEOMETRIC_REPRESENTATION_CONTEXT(2) 
PARAMETRIC_REPRESENTATION_CONTEXT() REPRESENTATION_CONTEXT('2D SPACE',''
  ) );
#3169 = PCURVE('',#3170,#3175);
#3170 = PLANE('',#3171);
#3171 = AXIS2_PLACEMENT_3D('',#3172,#3173,#3174);
#3172 = CARTESIAN_POINT('',(90.583997477404,769.67068923913,8.));
#3173 = DIRECTION('',(0.258819045103,-0.965925826289,0.));
#3174 = DIRECTION('',(-0.965925826289,-0.258819045103,0.));
#3175 = DEFINITIONAL_REPRESENTATION('',(#3176),#3180);
#3176 = LINE('',#3177,#3178);
#3177 = CARTESIAN_POINT('',(36.641026733545,-2.));
#3178 = VECTOR('',#3179,1.);
#3179 = DIRECTION('',(-1.,0.));
#3180 = ( GEOMETRIC_REPRESENTATION_CONTEXT(2) 
PARAMETRIC_REPRESENTATION_CONTEXT() REPRESENTATION_CONTEXT('2D SPACE',''
  ) );
#3181 = ORIENTED_EDGE('',*,*,#3182,.T.);
#3182 = EDGE_CURVE('',#3155,#3094,#3183,.T.);
#3183 = SURFACE_CURVE('',#3184,(#3189,#3200),.PCURVE_S1.);
#3184 = CIRCLE('',#3185,3.);
#3185 = AXIS2_PLACEMENT_3D('',#3186,#3187,#3188);
#3186 = CARTESIAN_POINT('',(74.352727121472,768.42736199636,10.));
#3187 = DIRECTION('',(0.,-0.,-1.));
#3188 = DIRECTION('',(0.258819045103,-0.965925826289,0.));
#3189 = PCURVE('',#1980,#3190);
#3190 = DEFINITIONAL_REPRESENTATION('',(#3191),#3199);
#3191 = ( BOUNDED_CURVE() B_SPLINE_CURVE(2,(#3192,#3193,#3194,#3195,
#3196,#3197,#3198),.UNSPECIFIED.,.T.,.F.) B_SPLINE_CURVE_WITH_KNOTS((1,2
    ,2,2,2,1),(-2.094395102393,0.,2.094395102393,4.188790204786,
6.28318530718,8.377580409573),.UNSPECIFIED.) CURVE() 
GEOMETRIC_REPRESENTATION_ITEM() RATIONAL_B_SPLINE_CURVE((1.,0.5,1.,0.5,
1.,0.5,1.)) REPRESENTATION_ITEM('') );
#3192 = CARTESIAN_POINT('',(57.28205346709,15.162363373737));
#3193 = CARTESIAN_POINT('',(52.085901044383,15.162363373737));
#3194 = CARTESIAN_POINT('',(54.683977255737,19.662363373737));
#3195 = CARTESIAN_POINT('',(57.28205346709,24.162363373737));
#3196 = CARTESIAN_POINT('',(59.880129678443,19.662363373737));
#3197 = CARTESIAN_POINT('',(62.478205889797,15.162363373737));
#3198 = CARTESIAN_POINT('',(57.28205346709,15.162363373737));
#3199 = ( GEOMETRIC_REPRESENTATION_CONTEXT(2) 
PARAMETRIC_REPRESENTATION_CONTEXT() REPRESENTATION_CONTEXT('2D SPACE',''
  ) );
#3200 = PCURVE('',#3201,#3206);
#3201 = CYLINDRICAL_SURFACE('',#3202,3.);
#3202 = AXIS2_PLACEMENT_3D('',#3203,#3204,#3205);
#3203 = CARTESIAN_POINT('',(74.352727121472,768.42736199636,8.));
#3204 = DIRECTION('',(0.,0.,-1.));
#3205 = DIRECTION('',(0.258819045103,-0.965925826289,0.));
#3206 = DEFINITIONAL_REPRESENTATION('',(#3207),#3211);
#3207 = LINE('',#3208,#3209);
#3208 = CARTESIAN_POINT('',(0.,-2.));
#3209 = VECTOR('',#3210,1.);
#3210 = DIRECTION('',(1.,0.));
#3211 = ( GEOMETRIC_REPRESENTATION_CONTEXT(2) 
PARAMETRIC_REPRESENTATION_CONTEXT() REPRESENTATION_CONTEXT('2D SPACE',''
  ) );
#3212 = ADVANCED_FACE('',(#3213),#2009,.F.);
#3213 = FACE_BOUND('',#3214,.F.);
#3214 = EDGE_LOOP('',(#3215,#3216));
#3215 = ORIENTED_EDGE('',*,*,#2928,.T.);
#3216 = ORIENTED_EDGE('',*,*,#1992,.T.);
#3217 = ADVANCED_FACE('',(#3218),#1952,.F.);
#3218 = FACE_BOUND('',#3219,.F.);
#3219 = EDGE_LOOP('',(#3220,#3221,#3222));
#3220 = ORIENTED_EDGE('',*,*,#1935,.F.);
#3221 = ORIENTED_EDGE('',*,*,#2127,.T.);
#3222 = ORIENTED_EDGE('',*,*,#2906,.T.);
#3223 = ADVANCED_FACE('',(#3224),#1745,.T.);
#3224 = FACE_BOUND('',#3225,.T.);
#3225 = EDGE_LOOP('',(#3226));
#3226 = ORIENTED_EDGE('',*,*,#1730,.T.);
#3227 = ADVANCED_FACE('',(#3228),#2985,.F.);
#3228 = FACE_BOUND('',#3229,.F.);
#3229 = EDGE_LOOP('',(#3230,#3260,#3281,#3282));
#3230 = ORIENTED_EDGE('',*,*,#3231,.F.);
#3231 = EDGE_CURVE('',#3232,#3234,#3236,.T.);
#3232 = VERTEX_POINT('',#3233);
#3233 = CARTESIAN_POINT('',(-51.99408743141,737.6786636119,8.));
#3234 = VERTEX_POINT('',#3235);
#3235 = CARTESIAN_POINT('',(-36.53927421079,741.81976833354,8.));
#3236 = SURFACE_CURVE('',#3237,(#3241,#3248),.PCURVE_S1.);
#3237 = LINE('',#3238,#3239);
#3238 = CARTESIAN_POINT('',(-51.99408743141,737.6786636119,8.));
#3239 = VECTOR('',#3240,1.);
#3240 = DIRECTION('',(0.965925826289,0.258819045103,0.));
#3241 = PCURVE('',#2985,#3242);
#3242 = DEFINITIONAL_REPRESENTATION('',(#3243),#3247);
#3243 = LINE('',#3244,#3245);
#3244 = CARTESIAN_POINT('',(0.,0.));
#3245 = VECTOR('',#3246,1.);
#3246 = DIRECTION('',(1.,0.));
#3247 = ( GEOMETRIC_REPRESENTATION_CONTEXT(2) 
PARAMETRIC_REPRESENTATION_CONTEXT() REPRESENTATION_CONTEXT('2D SPACE',''
  ) );
#3248 = PCURVE('',#3249,#3254);
#3249 = PLANE('',#3250);
#3250 = AXIS2_PLACEMENT_3D('',#3251,#3252,#3253);
#3251 = CARTESIAN_POINT('',(-43.49022368579,736.85143849385,8.));
#3252 = DIRECTION('',(0.,-0.,-1.));
#3253 = DIRECTION('',(-0.965925826289,-0.258819045103,0.));
#3254 = DEFINITIONAL_REPRESENTATION('',(#3255),#3259);
#3255 = LINE('',#3256,#3257);
#3256 = CARTESIAN_POINT('',(8.,3.));
#3257 = VECTOR('',#3258,1.);
#3258 = DIRECTION('',(-1.,0.));
#3259 = ( GEOMETRIC_REPRESENTATION_CONTEXT(2) 
PARAMETRIC_REPRESENTATION_CONTEXT() REPRESENTATION_CONTEXT('2D SPACE',''
  ) );
#3260 = ORIENTED_EDGE('',*,*,#3261,.T.);
#3261 = EDGE_CURVE('',#3232,#2970,#3262,.T.);
#3262 = SURFACE_CURVE('',#3263,(#3267,#3274),.PCURVE_S1.);
#3263 = LINE('',#3264,#3265);
#3264 = CARTESIAN_POINT('',(-51.99408743141,737.6786636119,8.));
#3265 = VECTOR('',#3266,1.);
#3266 = DIRECTION('',(0.,0.,1.));
#3267 = PCURVE('',#2985,#3268);
#3268 = DEFINITIONAL_REPRESENTATION('',(#3269),#3273);
#3269 = LINE('',#3270,#3271);
#3270 = CARTESIAN_POINT('',(0.,0.));
#3271 = VECTOR('',#3272,1.);
#3272 = DIRECTION('',(0.,-1.));
#3273 = ( GEOMETRIC_REPRESENTATION_CONTEXT(2) 
PARAMETRIC_REPRESENTATION_CONTEXT() REPRESENTATION_CONTEXT('2D SPACE',''
  ) );
#3274 = PCURVE('',#3077,#3275);
#3275 = DEFINITIONAL_REPRESENTATION('',(#3276),#3280);
#3276 = LINE('',#3277,#3278);
#3277 = CARTESIAN_POINT('',(3.14159265359,0.));
#3278 = VECTOR('',#3279,1.);
#3279 = DIRECTION('',(0.,-1.));
#3280 = ( GEOMETRIC_REPRESENTATION_CONTEXT(2) 
PARAMETRIC_REPRESENTATION_CONTEXT() REPRESENTATION_CONTEXT('2D SPACE',''
  ) );
#3281 = ORIENTED_EDGE('',*,*,#2967,.F.);
#3282 = ORIENTED_EDGE('',*,*,#3283,.F.);
#3283 = EDGE_CURVE('',#3234,#2968,#3284,.T.);
#3284 = SURFACE_CURVE('',#3285,(#3289,#3296),.PCURVE_S1.);
#3285 = LINE('',#3286,#3287);
#3286 = CARTESIAN_POINT('',(-36.53927421079,741.81976833354,8.));
#3287 = VECTOR('',#3288,1.);
#3288 = DIRECTION('',(0.,0.,1.));
#3289 = PCURVE('',#2985,#3290);
#3290 = DEFINITIONAL_REPRESENTATION('',(#3291),#3295);
#3291 = LINE('',#3292,#3293);
#3292 = CARTESIAN_POINT('',(16.,0.));
#3293 = VECTOR('',#3294,1.);
#3294 = DIRECTION('',(0.,-1.));
#3295 = ( GEOMETRIC_REPRESENTATION_CONTEXT(2) 
PARAMETRIC_REPRESENTATION_CONTEXT() REPRESENTATION_CONTEXT('2D SPACE',''
  ) );
#3296 = PCURVE('',#3018,#3297);
#3297 = DEFINITIONAL_REPRESENTATION('',(#3298),#3302);
#3298 = LINE('',#3299,#3300);
#3299 = CARTESIAN_POINT('',(0.,0.));
#3300 = VECTOR('',#3301,1.);
#3301 = DIRECTION('',(0.,-1.));
#3302 = ( GEOMETRIC_REPRESENTATION_CONTEXT(2) 
PARAMETRIC_REPRESENTATION_CONTEXT() REPRESENTATION_CONTEXT('2D SPACE',''
  ) );
#3303 = ADVANCED_FACE('',(#3304),#3018,.F.);
#3304 = FACE_BOUND('',#3305,.F.);
#3305 = EDGE_LOOP('',(#3306,#3330,#3331,#3332));
#3306 = ORIENTED_EDGE('',*,*,#3307,.F.);
#3307 = EDGE_CURVE('',#3234,#3308,#3310,.T.);
#3308 = VERTEX_POINT('',#3309);
#3309 = CARTESIAN_POINT('',(-34.98635994017,736.02421337581,8.));
#3310 = SURFACE_CURVE('',#3311,(#3316,#3323),.PCURVE_S1.);
#3311 = CIRCLE('',#3312,3.);
#3312 = AXIS2_PLACEMENT_3D('',#3313,#3314,#3315);
#3313 = CARTESIAN_POINT('',(-35.76281707548,738.92199085467,8.));
#3314 = DIRECTION('',(0.,0.,-1.));
#3315 = DIRECTION('',(-0.258819045103,0.965925826289,0.));
#3316 = PCURVE('',#3018,#3317);
#3317 = DEFINITIONAL_REPRESENTATION('',(#3318),#3322);
#3318 = LINE('',#3319,#3320);
#3319 = CARTESIAN_POINT('',(0.,0.));
#3320 = VECTOR('',#3321,1.);
#3321 = DIRECTION('',(1.,0.));
#3322 = ( GEOMETRIC_REPRESENTATION_CONTEXT(2) 
PARAMETRIC_REPRESENTATION_CONTEXT() REPRESENTATION_CONTEXT('2D SPACE',''
  ) );
#3323 = PCURVE('',#3249,#3324);
#3324 = DEFINITIONAL_REPRESENTATION('',(#3325),#3329);
#3325 = CIRCLE('',#3326,3.);
#3326 = AXIS2_PLACEMENT_2D('',#3327,#3328);
#3327 = CARTESIAN_POINT('',(-8.,4.929390229336E-14));
#3328 = DIRECTION('',(0.,1.));
#3329 = ( GEOMETRIC_REPRESENTATION_CONTEXT(2) 
PARAMETRIC_REPRESENTATION_CONTEXT() REPRESENTATION_CONTEXT('2D SPACE',''
  ) );
#3330 = ORIENTED_EDGE('',*,*,#3283,.T.);
#3331 = ORIENTED_EDGE('',*,*,#2997,.T.);
#3332 = ORIENTED_EDGE('',*,*,#3333,.F.);
#3333 = EDGE_CURVE('',#3308,#2998,#3334,.T.);
#3334 = SURFACE_CURVE('',#3335,(#3339,#3346),.PCURVE_S1.);
#3335 = LINE('',#3336,#3337);
#3336 = CARTESIAN_POINT('',(-34.98635994017,736.02421337581,8.));
#3337 = VECTOR('',#3338,1.);
#3338 = DIRECTION('',(0.,0.,1.));
#3339 = PCURVE('',#3018,#3340);
#3340 = DEFINITIONAL_REPRESENTATION('',(#3341),#3345);
#3341 = LINE('',#3342,#3343);
#3342 = CARTESIAN_POINT('',(3.14159265359,0.));
#3343 = VECTOR('',#3344,1.);
#3344 = DIRECTION('',(0.,-1.));
#3345 = ( GEOMETRIC_REPRESENTATION_CONTEXT(2) 
PARAMETRIC_REPRESENTATION_CONTEXT() REPRESENTATION_CONTEXT('2D SPACE',''
  ) );
#3346 = PCURVE('',#3046,#3347);
#3347 = DEFINITIONAL_REPRESENTATION('',(#3348),#3352);
#3348 = LINE('',#3349,#3350);
#3349 = CARTESIAN_POINT('',(0.,0.));
#3350 = VECTOR('',#3351,1.);
#3351 = DIRECTION('',(0.,-1.));
#3352 = ( GEOMETRIC_REPRESENTATION_CONTEXT(2) 
PARAMETRIC_REPRESENTATION_CONTEXT() REPRESENTATION_CONTEXT('2D SPACE',''
  ) );
#3353 = ADVANCED_FACE('',(#3354),#3077,.F.);
#3354 = FACE_BOUND('',#3355,.F.);
#3355 = EDGE_LOOP('',(#3356,#3380,#3401,#3402));
#3356 = ORIENTED_EDGE('',*,*,#3357,.F.);
#3357 = EDGE_CURVE('',#3358,#3232,#3360,.T.);
#3358 = VERTEX_POINT('',#3359);
#3359 = CARTESIAN_POINT('',(-50.4411731608,731.88310865417,8.));
#3360 = SURFACE_CURVE('',#3361,(#3366,#3373),.PCURVE_S1.);
#3361 = CIRCLE('',#3362,3.);
#3362 = AXIS2_PLACEMENT_3D('',#3363,#3364,#3365);
#3363 = CARTESIAN_POINT('',(-51.2176302961,734.78088613303,8.));
#3364 = DIRECTION('',(0.,-0.,-1.));
#3365 = DIRECTION('',(0.258819045103,-0.965925826289,0.));
#3366 = PCURVE('',#3077,#3367);
#3367 = DEFINITIONAL_REPRESENTATION('',(#3368),#3372);
#3368 = LINE('',#3369,#3370);
#3369 = CARTESIAN_POINT('',(0.,0.));
#3370 = VECTOR('',#3371,1.);
#3371 = DIRECTION('',(1.,0.));
#3372 = ( GEOMETRIC_REPRESENTATION_CONTEXT(2) 
PARAMETRIC_REPRESENTATION_CONTEXT() REPRESENTATION_CONTEXT('2D SPACE',''
  ) );
#3373 = PCURVE('',#3249,#3374);
#3374 = DEFINITIONAL_REPRESENTATION('',(#3375),#3379);
#3375 = CIRCLE('',#3376,3.);
#3376 = AXIS2_PLACEMENT_2D('',#3377,#3378);
#3377 = CARTESIAN_POINT('',(8.,6.239453398393E-14));
#3378 = DIRECTION('',(0.,-1.));
#3379 = ( GEOMETRIC_REPRESENTATION_CONTEXT(2) 
PARAMETRIC_REPRESENTATION_CONTEXT() REPRESENTATION_CONTEXT('2D SPACE',''
  ) );
#3380 = ORIENTED_EDGE('',*,*,#3381,.T.);
#3381 = EDGE_CURVE('',#3358,#3031,#3382,.T.);
#3382 = SURFACE_CURVE('',#3383,(#3387,#3394),.PCURVE_S1.);
#3383 = LINE('',#3384,#3385);
#3384 = CARTESIAN_POINT('',(-50.4411731608,731.88310865417,8.));
#3385 = VECTOR('',#3386,1.);
#3386 = DIRECTION('',(0.,0.,1.));
#3387 = PCURVE('',#3077,#3388);
#3388 = DEFINITIONAL_REPRESENTATION('',(#3389),#3393);
#3389 = LINE('',#3390,#3391);
#3390 = CARTESIAN_POINT('',(0.,0.));
#3391 = VECTOR('',#3392,1.);
#3392 = DIRECTION('',(0.,-1.));
#3393 = ( GEOMETRIC_REPRESENTATION_CONTEXT(2) 
PARAMETRIC_REPRESENTATION_CONTEXT() REPRESENTATION_CONTEXT('2D SPACE',''
  ) );
#3394 = PCURVE('',#3046,#3395);
#3395 = DEFINITIONAL_REPRESENTATION('',(#3396),#3400);
#3396 = LINE('',#3397,#3398);
#3397 = CARTESIAN_POINT('',(16.,0.));
#3398 = VECTOR('',#3399,1.);
#3399 = DIRECTION('',(0.,-1.));
#3400 = ( GEOMETRIC_REPRESENTATION_CONTEXT(2) 
PARAMETRIC_REPRESENTATION_CONTEXT() REPRESENTATION_CONTEXT('2D SPACE',''
  ) );
#3401 = ORIENTED_EDGE('',*,*,#3058,.T.);
#3402 = ORIENTED_EDGE('',*,*,#3261,.F.);
#3403 = ADVANCED_FACE('',(#3404),#3046,.F.);
#3404 = FACE_BOUND('',#3405,.F.);
#3405 = EDGE_LOOP('',(#3406,#3427,#3428,#3429));
#3406 = ORIENTED_EDGE('',*,*,#3407,.F.);
#3407 = EDGE_CURVE('',#3308,#3358,#3408,.T.);
#3408 = SURFACE_CURVE('',#3409,(#3413,#3420),.PCURVE_S1.);
#3409 = LINE('',#3410,#3411);
#3410 = CARTESIAN_POINT('',(-34.98635994017,736.02421337581,8.));
#3411 = VECTOR('',#3412,1.);
#3412 = DIRECTION('',(-0.965925826289,-0.258819045103,0.));
#3413 = PCURVE('',#3046,#3414);
#3414 = DEFINITIONAL_REPRESENTATION('',(#3415),#3419);
#3415 = LINE('',#3416,#3417);
#3416 = CARTESIAN_POINT('',(0.,0.));
#3417 = VECTOR('',#3418,1.);
#3418 = DIRECTION('',(1.,0.));
#3419 = ( GEOMETRIC_REPRESENTATION_CONTEXT(2) 
PARAMETRIC_REPRESENTATION_CONTEXT() REPRESENTATION_CONTEXT('2D SPACE',''
  ) );
#3420 = PCURVE('',#3249,#3421);
#3421 = DEFINITIONAL_REPRESENTATION('',(#3422),#3426);
#3422 = LINE('',#3423,#3424);
#3423 = CARTESIAN_POINT('',(-8.,-3.));
#3424 = VECTOR('',#3425,1.);
#3425 = DIRECTION('',(1.,0.));
#3426 = ( GEOMETRIC_REPRESENTATION_CONTEXT(2) 
PARAMETRIC_REPRESENTATION_CONTEXT() REPRESENTATION_CONTEXT('2D SPACE',''
  ) );
#3427 = ORIENTED_EDGE('',*,*,#3333,.T.);
#3428 = ORIENTED_EDGE('',*,*,#3030,.F.);
#3429 = ORIENTED_EDGE('',*,*,#3381,.F.);
#3430 = ADVANCED_FACE('',(#3431),#3109,.F.);
#3431 = FACE_BOUND('',#3432,.F.);
#3432 = EDGE_LOOP('',(#3433,#3463,#3484,#3485));
#3433 = ORIENTED_EDGE('',*,*,#3434,.F.);
#3434 = EDGE_CURVE('',#3435,#3437,#3439,.T.);
#3435 = VERTEX_POINT('',#3436);
#3436 = CARTESIAN_POINT('',(73.576269986164,771.32513947523,8.));
#3437 = VERTEX_POINT('',#3438);
#3438 = CARTESIAN_POINT('',(89.031083206789,775.46624419687,8.));
#3439 = SURFACE_CURVE('',#3440,(#3444,#3451),.PCURVE_S1.);
#3440 = LINE('',#3441,#3442);
#3441 = CARTESIAN_POINT('',(73.576269986164,771.32513947523,8.));
#3442 = VECTOR('',#3443,1.);
#3443 = DIRECTION('',(0.965925826289,0.258819045103,0.));
#3444 = PCURVE('',#3109,#3445);
#3445 = DEFINITIONAL_REPRESENTATION('',(#3446),#3450);
#3446 = LINE('',#3447,#3448);
#3447 = CARTESIAN_POINT('',(0.,0.));
#3448 = VECTOR('',#3449,1.);
#3449 = DIRECTION('',(1.,0.));
#3450 = ( GEOMETRIC_REPRESENTATION_CONTEXT(2) 
PARAMETRIC_REPRESENTATION_CONTEXT() REPRESENTATION_CONTEXT('2D SPACE',''
  ) );
#3451 = PCURVE('',#3452,#3457);
#3452 = PLANE('',#3453);
#3453 = AXIS2_PLACEMENT_3D('',#3454,#3455,#3456);
#3454 = CARTESIAN_POINT('',(82.080133731784,770.49791435718,8.));
#3455 = DIRECTION('',(0.,-0.,-1.));
#3456 = DIRECTION('',(-0.965925826289,-0.258819045103,0.));
#3457 = DEFINITIONAL_REPRESENTATION('',(#3458),#3462);
#3458 = LINE('',#3459,#3460);
#3459 = CARTESIAN_POINT('',(8.,3.));
#3460 = VECTOR('',#3461,1.);
#3461 = DIRECTION('',(-1.,0.));
#3462 = ( GEOMETRIC_REPRESENTATION_CONTEXT(2) 
PARAMETRIC_REPRESENTATION_CONTEXT() REPRESENTATION_CONTEXT('2D SPACE',''
  ) );
#3463 = ORIENTED_EDGE('',*,*,#3464,.T.);
#3464 = EDGE_CURVE('',#3435,#3094,#3465,.T.);
#3465 = SURFACE_CURVE('',#3466,(#3470,#3477),.PCURVE_S1.);
#3466 = LINE('',#3467,#3468);
#3467 = CARTESIAN_POINT('',(73.576269986164,771.32513947523,8.));
#3468 = VECTOR('',#3469,1.);
#3469 = DIRECTION('',(0.,0.,1.));
#3470 = PCURVE('',#3109,#3471);
#3471 = DEFINITIONAL_REPRESENTATION('',(#3472),#3476);
#3472 = LINE('',#3473,#3474);
#3473 = CARTESIAN_POINT('',(0.,0.));
#3474 = VECTOR('',#3475,1.);
#3475 = DIRECTION('',(0.,-1.));
#3476 = ( GEOMETRIC_REPRESENTATION_CONTEXT(2) 
PARAMETRIC_REPRESENTATION_CONTEXT() REPRESENTATION_CONTEXT('2D SPACE',''
  ) );
#3477 = PCURVE('',#3201,#3478);
#3478 = DEFINITIONAL_REPRESENTATION('',(#3479),#3483);
#3479 = LINE('',#3480,#3481);
#3480 = CARTESIAN_POINT('',(3.14159265359,0.));
#3481 = VECTOR('',#3482,1.);
#3482 = DIRECTION('',(0.,-1.));
#3483 = ( GEOMETRIC_REPRESENTATION_CONTEXT(2) 
PARAMETRIC_REPRESENTATION_CONTEXT() REPRESENTATION_CONTEXT('2D SPACE',''
  ) );
#3484 = ORIENTED_EDGE('',*,*,#3091,.F.);
#3485 = ORIENTED_EDGE('',*,*,#3486,.F.);
#3486 = EDGE_CURVE('',#3437,#3092,#3487,.T.);
#3487 = SURFACE_CURVE('',#3488,(#3492,#3499),.PCURVE_S1.);
#3488 = LINE('',#3489,#3490);
#3489 = CARTESIAN_POINT('',(89.031083206789,775.46624419687,8.));
#3490 = VECTOR('',#3491,1.);
#3491 = DIRECTION('',(0.,0.,1.));
#3492 = PCURVE('',#3109,#3493);
#3493 = DEFINITIONAL_REPRESENTATION('',(#3494),#3498);
#3494 = LINE('',#3495,#3496);
#3495 = CARTESIAN_POINT('',(16.,0.));
#3496 = VECTOR('',#3497,1.);
#3497 = DIRECTION('',(0.,-1.));
#3498 = ( GEOMETRIC_REPRESENTATION_CONTEXT(2) 
PARAMETRIC_REPRESENTATION_CONTEXT() REPRESENTATION_CONTEXT('2D SPACE',''
  ) );
#3499 = PCURVE('',#3142,#3500);
#3500 = DEFINITIONAL_REPRESENTATION('',(#3501),#3505);
#3501 = LINE('',#3502,#3503);
#3502 = CARTESIAN_POINT('',(0.,0.));
#3503 = VECTOR('',#3504,1.);
#3504 = DIRECTION('',(0.,-1.));
#3505 = ( GEOMETRIC_REPRESENTATION_CONTEXT(2) 
PARAMETRIC_REPRESENTATION_CONTEXT() REPRESENTATION_CONTEXT('2D SPACE',''
  ) );
#3506 = ADVANCED_FACE('',(#3507),#3142,.F.);
#3507 = FACE_BOUND('',#3508,.F.);
#3508 = EDGE_LOOP('',(#3509,#3533,#3534,#3535));
#3509 = ORIENTED_EDGE('',*,*,#3510,.F.);
#3510 = EDGE_CURVE('',#3437,#3511,#3513,.T.);
#3511 = VERTEX_POINT('',#3512);
#3512 = CARTESIAN_POINT('',(90.583997477404,769.67068923913,8.));
#3513 = SURFACE_CURVE('',#3514,(#3519,#3526),.PCURVE_S1.);
#3514 = CIRCLE('',#3515,3.);
#3515 = AXIS2_PLACEMENT_3D('',#3516,#3517,#3518);
#3516 = CARTESIAN_POINT('',(89.807540342097,772.568466718,8.));
#3517 = DIRECTION('',(0.,0.,-1.));
#3518 = DIRECTION('',(-0.258819045103,0.965925826289,0.));
#3519 = PCURVE('',#3142,#3520);
#3520 = DEFINITIONAL_REPRESENTATION('',(#3521),#3525);
#3521 = LINE('',#3522,#3523);
#3522 = CARTESIAN_POINT('',(0.,0.));
#3523 = VECTOR('',#3524,1.);
#3524 = DIRECTION('',(1.,0.));
#3525 = ( GEOMETRIC_REPRESENTATION_CONTEXT(2) 
PARAMETRIC_REPRESENTATION_CONTEXT() REPRESENTATION_CONTEXT('2D SPACE',''
  ) );
#3526 = PCURVE('',#3452,#3527);
#3527 = DEFINITIONAL_REPRESENTATION('',(#3528),#3532);
#3528 = CIRCLE('',#3529,3.);
#3529 = AXIS2_PLACEMENT_2D('',#3530,#3531);
#3530 = CARTESIAN_POINT('',(-8.,4.574118861456E-14));
#3531 = DIRECTION('',(0.,1.));
#3532 = ( GEOMETRIC_REPRESENTATION_CONTEXT(2) 
PARAMETRIC_REPRESENTATION_CONTEXT() REPRESENTATION_CONTEXT('2D SPACE',''
  ) );
#3533 = ORIENTED_EDGE('',*,*,#3486,.T.);
#3534 = ORIENTED_EDGE('',*,*,#3121,.T.);
#3535 = ORIENTED_EDGE('',*,*,#3536,.F.);
#3536 = EDGE_CURVE('',#3511,#3122,#3537,.T.);
#3537 = SURFACE_CURVE('',#3538,(#3542,#3549),.PCURVE_S1.);
#3538 = LINE('',#3539,#3540);
#3539 = CARTESIAN_POINT('',(90.583997477404,769.67068923913,8.));
#3540 = VECTOR('',#3541,1.);
#3541 = DIRECTION('',(0.,0.,1.));
#3542 = PCURVE('',#3142,#3543);
#3543 = DEFINITIONAL_REPRESENTATION('',(#3544),#3548);
#3544 = LINE('',#3545,#3546);
#3545 = CARTESIAN_POINT('',(3.14159265359,0.));
#3546 = VECTOR('',#3547,1.);
#3547 = DIRECTION('',(0.,-1.));
#3548 = ( GEOMETRIC_REPRESENTATION_CONTEXT(2) 
PARAMETRIC_REPRESENTATION_CONTEXT() REPRESENTATION_CONTEXT('2D SPACE',''
  ) );
#3549 = PCURVE('',#3170,#3550);
#3550 = DEFINITIONAL_REPRESENTATION('',(#3551),#3555);
#3551 = LINE('',#3552,#3553);
#3552 = CARTESIAN_POINT('',(0.,0.));
#3553 = VECTOR('',#3554,1.);
#3554 = DIRECTION('',(0.,-1.));
#3555 = ( GEOMETRIC_REPRESENTATION_CONTEXT(2) 
PARAMETRIC_REPRESENTATION_CONTEXT() REPRESENTATION_CONTEXT('2D SPACE',''
  ) );
#3556 = ADVANCED_FACE('',(#3557),#3201,.F.);
#3557 = FACE_BOUND('',#3558,.F.);
#3558 = EDGE_LOOP('',(#3559,#3583,#3604,#3605));
#3559 = ORIENTED_EDGE('',*,*,#3560,.F.);
#3560 = EDGE_CURVE('',#3561,#3435,#3563,.T.);
#3561 = VERTEX_POINT('',#3562);
#3562 = CARTESIAN_POINT('',(75.129184256779,765.52958451749,8.));
#3563 = SURFACE_CURVE('',#3564,(#3569,#3576),.PCURVE_S1.);
#3564 = CIRCLE('',#3565,3.);
#3565 = AXIS2_PLACEMENT_3D('',#3566,#3567,#3568);
#3566 = CARTESIAN_POINT('',(74.352727121472,768.42736199636,8.));
#3567 = DIRECTION('',(0.,-0.,-1.));
#3568 = DIRECTION('',(0.258819045103,-0.965925826289,0.));
#3569 = PCURVE('',#3201,#3570);
#3570 = DEFINITIONAL_REPRESENTATION('',(#3571),#3575);
#3571 = LINE('',#3572,#3573);
#3572 = CARTESIAN_POINT('',(0.,0.));
#3573 = VECTOR('',#3574,1.);
#3574 = DIRECTION('',(1.,0.));
#3575 = ( GEOMETRIC_REPRESENTATION_CONTEXT(2) 
PARAMETRIC_REPRESENTATION_CONTEXT() REPRESENTATION_CONTEXT('2D SPACE',''
  ) );
#3576 = PCURVE('',#3452,#3577);
#3577 = DEFINITIONAL_REPRESENTATION('',(#3578),#3582);
#3578 = CIRCLE('',#3579,3.);
#3579 = AXIS2_PLACEMENT_2D('',#3580,#3581);
#3580 = CARTESIAN_POINT('',(8.,-5.284661597216E-14));
#3581 = DIRECTION('',(0.,-1.));
#3582 = ( GEOMETRIC_REPRESENTATION_CONTEXT(2) 
PARAMETRIC_REPRESENTATION_CONTEXT() REPRESENTATION_CONTEXT('2D SPACE',''
  ) );
#3583 = ORIENTED_EDGE('',*,*,#3584,.T.);
#3584 = EDGE_CURVE('',#3561,#3155,#3585,.T.);
#3585 = SURFACE_CURVE('',#3586,(#3590,#3597),.PCURVE_S1.);
#3586 = LINE('',#3587,#3588);
#3587 = CARTESIAN_POINT('',(75.129184256779,765.52958451749,8.));
#3588 = VECTOR('',#3589,1.);
#3589 = DIRECTION('',(0.,0.,1.));
#3590 = PCURVE('',#3201,#3591);
#3591 = DEFINITIONAL_REPRESENTATION('',(#3592),#3596);
#3592 = LINE('',#3593,#3594);
#3593 = CARTESIAN_POINT('',(0.,0.));
#3594 = VECTOR('',#3595,1.);
#3595 = DIRECTION('',(0.,-1.));
#3596 = ( GEOMETRIC_REPRESENTATION_CONTEXT(2) 
PARAMETRIC_REPRESENTATION_CONTEXT() REPRESENTATION_CONTEXT('2D SPACE',''
  ) );
#3597 = PCURVE('',#3170,#3598);
#3598 = DEFINITIONAL_REPRESENTATION('',(#3599),#3603);
#3599 = LINE('',#3600,#3601);
#3600 = CARTESIAN_POINT('',(16.,0.));
#3601 = VECTOR('',#3602,1.);
#3602 = DIRECTION('',(0.,-1.));
#3603 = ( GEOMETRIC_REPRESENTATION_CONTEXT(2) 
PARAMETRIC_REPRESENTATION_CONTEXT() REPRESENTATION_CONTEXT('2D SPACE',''
  ) );
#3604 = ORIENTED_EDGE('',*,*,#3182,.T.);
#3605 = ORIENTED_EDGE('',*,*,#3464,.F.);
#3606 = ADVANCED_FACE('',(#3607),#3170,.F.);
#3607 = FACE_BOUND('',#3608,.F.);
#3608 = EDGE_LOOP('',(#3609,#3630,#3631,#3632));
#3609 = ORIENTED_EDGE('',*,*,#3610,.F.);
#3610 = EDGE_CURVE('',#3511,#3561,#3611,.T.);
#3611 = SURFACE_CURVE('',#3612,(#3616,#3623),.PCURVE_S1.);
#3612 = LINE('',#3613,#3614);
#3613 = CARTESIAN_POINT('',(90.583997477404,769.67068923913,8.));
#3614 = VECTOR('',#3615,1.);
#3615 = DIRECTION('',(-0.965925826289,-0.258819045103,0.));
#3616 = PCURVE('',#3170,#3617);
#3617 = DEFINITIONAL_REPRESENTATION('',(#3618),#3622);
#3618 = LINE('',#3619,#3620);
#3619 = CARTESIAN_POINT('',(0.,0.));
#3620 = VECTOR('',#3621,1.);
#3621 = DIRECTION('',(1.,0.));
#3622 = ( GEOMETRIC_REPRESENTATION_CONTEXT(2) 
PARAMETRIC_REPRESENTATION_CONTEXT() REPRESENTATION_CONTEXT('2D SPACE',''
  ) );
#3623 = PCURVE('',#3452,#3624);
#3624 = DEFINITIONAL_REPRESENTATION('',(#3625),#3629);
#3625 = LINE('',#3626,#3627);
#3626 = CARTESIAN_POINT('',(-8.,-3.));
#3627 = VECTOR('',#3628,1.);
#3628 = DIRECTION('',(1.,0.));
#3629 = ( GEOMETRIC_REPRESENTATION_CONTEXT(2) 
PARAMETRIC_REPRESENTATION_CONTEXT() REPRESENTATION_CONTEXT('2D SPACE',''
  ) );
#3630 = ORIENTED_EDGE('',*,*,#3536,.T.);
#3631 = ORIENTED_EDGE('',*,*,#3154,.F.);
#3632 = ORIENTED_EDGE('',*,*,#3584,.F.);
#3633 = ADVANCED_FACE('',(#3634),#3249,.F.);
#3634 = FACE_BOUND('',#3635,.F.);
#3635 = EDGE_LOOP('',(#3636,#3637,#3638,#3639));
#3636 = ORIENTED_EDGE('',*,*,#3231,.T.);
#3637 = ORIENTED_EDGE('',*,*,#3307,.T.);
#3638 = ORIENTED_EDGE('',*,*,#3407,.T.);
#3639 = ORIENTED_EDGE('',*,*,#3357,.T.);
#3640 = ADVANCED_FACE('',(#3641),#3452,.F.);
#3641 = FACE_BOUND('',#3642,.F.);
#3642 = EDGE_LOOP('',(#3643,#3644,#3645,#3646));
#3643 = ORIENTED_EDGE('',*,*,#3434,.T.);
#3644 = ORIENTED_EDGE('',*,*,#3510,.T.);
#3645 = ORIENTED_EDGE('',*,*,#3610,.T.);
#3646 = ORIENTED_EDGE('',*,*,#3560,.T.);
#3647 = ( GEOMETRIC_REPRESENTATION_CONTEXT(3) 
GLOBAL_UNCERTAINTY_ASSIGNED_CONTEXT((#3651)) 
GLOBAL_UNIT_ASSIGNED_CONTEXT((#3648,#3649,#3650)) REPRESENTATION_CONTEXT
('Context #1','3D Context with UNIT and UNCERTAINTY') );
#3648 = ( LENGTH_UNIT() NAMED_UNIT(*) SI_UNIT(.MILLI.,.METRE.) );
#3649 = ( NAMED_UNIT(*) PLANE_ANGLE_UNIT() SI_UNIT($,.RADIAN.) );
#3650 = ( NAMED_UNIT(*) SI_UNIT($,.STERADIAN.) SOLID_ANGLE_UNIT() );
#3651 = UNCERTAINTY_MEASURE_WITH_UNIT(LENGTH_MEASURE(1.E-07),#3648,
  'distance_accuracy_value','confusion accuracy');
#3652 = CONTEXT_DEPENDENT_SHAPE_REPRESENTATION(#3653,#3655);
#3653 = ( REPRESENTATION_RELATIONSHIP('','',#1024,#10) 
REPRESENTATION_RELATIONSHIP_WITH_TRANSFORMATION(#3654) 
SHAPE_REPRESENTATION_RELATIONSHIP() );
#3654 = ITEM_DEFINED_TRANSFORMATION('','',#11,#23);
#3655 = PRODUCT_DEFINITION_SHAPE('Placement','Placement of an item',
  #3656);
#3656 = NEXT_ASSEMBLY_USAGE_OCCURRENCE('3','head_holder','',#5,#1019,$);
#3657 = PRODUCT_RELATED_PRODUCT_CATEGORY('part',$,(#1021));
#3658 = SHAPE_DEFINITION_REPRESENTATION(#3659,#3665);
#3659 = PRODUCT_DEFINITION_SHAPE('','',#3660);
#3660 = PRODUCT_DEFINITION('design','',#3661,#3664);
#3661 = PRODUCT_DEFINITION_FORMATION('','',#3662);
#3662 = PRODUCT('ferrule','ferrule','',(#3663));
#3663 = PRODUCT_CONTEXT('',#2,'mechanical');
#3664 = PRODUCT_DEFINITION_CONTEXT('part definition',#2,'design');
#3665 = ADVANCED_BREP_SHAPE_REPRESENTATION('',(#11,#3666),#3996);
#3666 = MANIFOLD_SOLID_BREP('',#3667);
#3667 = CLOSED_SHELL('',(#3668,#3788,#3888,#3935,#3982,#3989));
#3668 = ADVANCED_FACE('',(#3669),#3683,.F.);
#3669 = FACE_BOUND('',#3670,.F.);
#3670 = EDGE_LOOP('',(#3671,#3706,#3734,#3762));
#3671 = ORIENTED_EDGE('',*,*,#3672,.F.);
#3672 = EDGE_CURVE('',#3673,#3675,#3677,.T.);
#3673 = VERTEX_POINT('',#3674);
#3674 = CARTESIAN_POINT('',(-86.871442709,734.5449615136,-13.));
#3675 = VERTEX_POINT('',#3676);
#3676 = CARTESIAN_POINT('',(-86.871442709,734.5449615136,13.));
#3677 = SURFACE_CURVE('',#3678,(#3682,#3694),.PCURVE_S1.);
#3678 = LINE('',#3679,#3680);
#3679 = CARTESIAN_POINT('',(-86.871442709,734.5449615136,-13.));
#3680 = VECTOR('',#3681,1.);
#3681 = DIRECTION('',(0.,0.,1.));
#3682 = PCURVE('',#3683,#3688);
#3683 = PLANE('',#3684);
#3684 = AXIS2_PLACEMENT_3D('',#3685,#3686,#3687);
#3685 = CARTESIAN_POINT('',(-86.871442709,734.5449615136,-13.));
#3686 = DIRECTION('',(0.965925826289,0.258819045103,0.));
#3687 = DIRECTION('',(0.,0.,1.));
#3688 = DEFINITIONAL_REPRESENTATION('',(#3689),#3693);
#3689 = LINE('',#3690,#3691);
#3690 = CARTESIAN_POINT('',(0.,0.));
#3691 = VECTOR('',#3692,1.);
#3692 = DIRECTION('',(1.,0.));
#3693 = ( GEOMETRIC_REPRESENTATION_CONTEXT(2) 
PARAMETRIC_REPRESENTATION_CONTEXT() REPRESENTATION_CONTEXT('2D SPACE',''
  ) );
#3694 = PCURVE('',#3695,#3700);
#3695 = PLANE('',#3696);
#3696 = AXIS2_PLACEMENT_3D('',#3697,#3698,#3699);
#3697 = CARTESIAN_POINT('',(-86.871442709,734.5449615136,-13.));
#3698 = DIRECTION('',(-0.258819045103,0.965925826289,0.));
#3699 = DIRECTION('',(0.,0.,1.));
#3700 = DEFINITIONAL_REPRESENTATION('',(#3701),#3705);
#3701 = LINE('',#3702,#3703);
#3702 = CARTESIAN_POINT('',(0.,0.));
#3703 = VECTOR('',#3704,1.);
#3704 = DIRECTION('',(1.,0.));
#3705 = ( GEOMETRIC_REPRESENTATION_CONTEXT(2) 
PARAMETRIC_REPRESENTATION_CONTEXT() REPRESENTATION_CONTEXT('2D SPACE',''
  ) );
#3706 = ORIENTED_EDGE('',*,*,#3707,.T.);
#3707 = EDGE_CURVE('',#3673,#3708,#3710,.T.);
#3708 = VERTEX_POINT('',#3709);
#3709 = CARTESIAN_POINT('',(-88.42435697961,740.34051647133,-13.));
#3710 = SURFACE_CURVE('',#3711,(#3715,#3722),.PCURVE_S1.);
#3711 = LINE('',#3712,#3713);
#3712 = CARTESIAN_POINT('',(-86.871442709,734.5449615136,-13.));
#3713 = VECTOR('',#3714,1.);
#3714 = DIRECTION('',(-0.258819045103,0.965925826289,0.));
#3715 = PCURVE('',#3683,#3716);
#3716 = DEFINITIONAL_REPRESENTATION('',(#3717),#3721);
#3717 = LINE('',#3718,#3719);
#3718 = CARTESIAN_POINT('',(0.,0.));
#3719 = VECTOR('',#3720,1.);
#3720 = DIRECTION('',(0.,-1.));
#3721 = ( GEOMETRIC_REPRESENTATION_CONTEXT(2) 
PARAMETRIC_REPRESENTATION_CONTEXT() REPRESENTATION_CONTEXT('2D SPACE',''
  ) );
#3722 = PCURVE('',#3723,#3728);
#3723 = PLANE('',#3724);
#3724 = AXIS2_PLACEMENT_3D('',#3725,#3726,#3727);
#3725 = CARTESIAN_POINT('',(-86.871442709,734.5449615136,-13.));
#3726 = DIRECTION('',(0.,0.,1.));
#3727 = DIRECTION('',(0.965925826289,0.258819045103,0.));
#3728 = DEFINITIONAL_REPRESENTATION('',(#3729),#3733);
#3729 = LINE('',#3730,#3731);
#3730 = CARTESIAN_POINT('',(0.,0.));
#3731 = VECTOR('',#3732,1.);
#3732 = DIRECTION('',(0.,1.));
#3733 = ( GEOMETRIC_REPRESENTATION_CONTEXT(2) 
PARAMETRIC_REPRESENTATION_CONTEXT() REPRESENTATION_CONTEXT('2D SPACE',''
  ) );
#3734 = ORIENTED_EDGE('',*,*,#3735,.T.);
#3735 = EDGE_CURVE('',#3708,#3736,#3738,.T.);
#3736 = VERTEX_POINT('',#3737);
#3737 = CARTESIAN_POINT('',(-88.42435697961,740.34051647133,13.));
#3738 = SURFACE_CURVE('',#3739,(#3743,#3750),.PCURVE_S1.);
#3739 = LINE('',#3740,#3741);
#3740 = CARTESIAN_POINT('',(-88.42435697961,740.34051647133,-13.));
#3741 = VECTOR('',#3742,1.);
#3742 = DIRECTION('',(0.,0.,1.));
#3743 = PCURVE('',#3683,#3744);
#3744 = DEFINITIONAL_REPRESENTATION('',(#3745),#3749);
#3745 = LINE('',#3746,#3747);
#3746 = CARTESIAN_POINT('',(0.,-6.));
#3747 = VECTOR('',#3748,1.);
#3748 = DIRECTION('',(1.,0.));
#3749 = ( GEOMETRIC_REPRESENTATION_CONTEXT(2) 
PARAMETRIC_REPRESENTATION_CONTEXT() REPRESENTATION_CONTEXT('2D SPACE',''
  ) );
#3750 = PCURVE('',#3751,#3756);
#3751 = PLANE('',#3752);
#3752 = AXIS2_PLACEMENT_3D('',#3753,#3754,#3755);
#3753 = CARTESIAN_POINT('',(-88.42435697961,740.34051647133,-13.));
#3754 = DIRECTION('',(-0.258819045103,0.965925826289,0.));
#3755 = DIRECTION('',(0.,0.,1.));
#3756 = DEFINITIONAL_REPRESENTATION('',(#3757),#3761);
#3757 = LINE('',#3758,#3759);
#3758 = CARTESIAN_POINT('',(0.,0.));
#3759 = VECTOR('',#3760,1.);
#3760 = DIRECTION('',(1.,0.));
#3761 = ( GEOMETRIC_REPRESENTATION_CONTEXT(2) 
PARAMETRIC_REPRESENTATION_CONTEXT() REPRESENTATION_CONTEXT('2D SPACE',''
  ) );
#3762 = ORIENTED_EDGE('',*,*,#3763,.F.);
#3763 = EDGE_CURVE('',#3675,#3736,#3764,.T.);
#3764 = SURFACE_CURVE('',#3765,(#3769,#3776),.PCURVE_S1.);
#3765 = LINE('',#3766,#3767);
#3766 = CARTESIAN_POINT('',(-86.871442709,734.5449615136,13.));
#3767 = VECTOR('',#3768,1.);
#3768 = DIRECTION('',(-0.258819045103,0.965925826289,0.));
#3769 = PCURVE('',#3683,#3770);
#3770 = DEFINITIONAL_REPRESENTATION('',(#3771),#3775);
#3771 = LINE('',#3772,#3773);
#3772 = CARTESIAN_POINT('',(26.,0.));
#3773 = VECTOR('',#3774,1.);
#3774 = DIRECTION('',(0.,-1.));
#3775 = ( GEOMETRIC_REPRESENTATION_CONTEXT(2) 
PARAMETRIC_REPRESENTATION_CONTEXT() REPRESENTATION_CONTEXT('2D SPACE',''
  ) );
#3776 = PCURVE('',#3777,#3782);
#3777 = PLANE('',#3778);
#3778 = AXIS2_PLACEMENT_3D('',#3779,#3780,#3781);
#3779 = CARTESIAN_POINT('',(-86.871442709,734.5449615136,13.));
#3780 = DIRECTION('',(0.,0.,1.));
#3781 = DIRECTION('',(0.965925826289,0.258819045103,0.));
#3782 = DEFINITIONAL_REPRESENTATION('',(#3783),#3787);
#3783 = LINE('',#3784,#3785);
#3784 = CARTESIAN_POINT('',(0.,0.));
#3785 = VECTOR('',#3786,1.);
#3786 = DIRECTION('',(0.,1.));
#3787 = ( GEOMETRIC_REPRESENTATION_CONTEXT(2) 
PARAMETRIC_REPRESENTATION_CONTEXT() REPRESENTATION_CONTEXT('2D SPACE',''
  ) );
#3788 = ADVANCED_FACE('',(#3789),#3803,.T.);
#3789 = FACE_BOUND('',#3790,.T.);
#3790 = EDGE_LOOP('',(#3791,#3821,#3844,#3867));
#3791 = ORIENTED_EDGE('',*,*,#3792,.F.);
#3792 = EDGE_CURVE('',#3793,#3795,#3797,.T.);
#3793 = VERTEX_POINT('',#3794);
#3794 = CARTESIAN_POINT('',(130.46186820603,792.77924666167,-13.));
#3795 = VERTEX_POINT('',#3796);
#3796 = CARTESIAN_POINT('',(130.46186820603,792.77924666167,13.));
#3797 = SURFACE_CURVE('',#3798,(#3802,#3814),.PCURVE_S1.);
#3798 = LINE('',#3799,#3800);
#3799 = CARTESIAN_POINT('',(130.46186820603,792.77924666167,-13.));
#3800 = VECTOR('',#3801,1.);
#3801 = DIRECTION('',(0.,0.,1.));
#3802 = PCURVE('',#3803,#3808);
#3803 = PLANE('',#3804);
#3804 = AXIS2_PLACEMENT_3D('',#3805,#3806,#3807);
#3805 = CARTESIAN_POINT('',(130.46186820603,792.77924666167,-13.));
#3806 = DIRECTION('',(0.965925826289,0.258819045103,0.));
#3807 = DIRECTION('',(0.,0.,1.));
#3808 = DEFINITIONAL_REPRESENTATION('',(#3809),#3813);
#3809 = LINE('',#3810,#3811);
#3810 = CARTESIAN_POINT('',(0.,0.));
#3811 = VECTOR('',#3812,1.);
#3812 = DIRECTION('',(1.,0.));
#3813 = ( GEOMETRIC_REPRESENTATION_CONTEXT(2) 
PARAMETRIC_REPRESENTATION_CONTEXT() REPRESENTATION_CONTEXT('2D SPACE',''
  ) );
#3814 = PCURVE('',#3695,#3815);
#3815 = DEFINITIONAL_REPRESENTATION('',(#3816),#3820);
#3816 = LINE('',#3817,#3818);
#3817 = CARTESIAN_POINT('',(0.,225.));
#3818 = VECTOR('',#3819,1.);
#3819 = DIRECTION('',(1.,0.));
#3820 = ( GEOMETRIC_REPRESENTATION_CONTEXT(2) 
PARAMETRIC_REPRESENTATION_CONTEXT() REPRESENTATION_CONTEXT('2D SPACE',''
  ) );
#3821 = ORIENTED_EDGE('',*,*,#3822,.T.);
#3822 = EDGE_CURVE('',#3793,#3823,#3825,.T.);
#3823 = VERTEX_POINT('',#3824);
#3824 = CARTESIAN_POINT('',(128.90895393542,798.5748016194,-13.));
#3825 = SURFACE_CURVE('',#3826,(#3830,#3837),.PCURVE_S1.);
#3826 = LINE('',#3827,#3828);
#3827 = CARTESIAN_POINT('',(130.46186820603,792.77924666167,-13.));
#3828 = VECTOR('',#3829,1.);
#3829 = DIRECTION('',(-0.258819045103,0.965925826289,0.));
#3830 = PCURVE('',#3803,#3831);
#3831 = DEFINITIONAL_REPRESENTATION('',(#3832),#3836);
#3832 = LINE('',#3833,#3834);
#3833 = CARTESIAN_POINT('',(0.,0.));
#3834 = VECTOR('',#3835,1.);
#3835 = DIRECTION('',(0.,-1.));
#3836 = ( GEOMETRIC_REPRESENTATION_CONTEXT(2) 
PARAMETRIC_REPRESENTATION_CONTEXT() REPRESENTATION_CONTEXT('2D SPACE',''
  ) );
#3837 = PCURVE('',#3723,#3838);
#3838 = DEFINITIONAL_REPRESENTATION('',(#3839),#3843);
#3839 = LINE('',#3840,#3841);
#3840 = CARTESIAN_POINT('',(225.,4.263256414561E-14));
#3841 = VECTOR('',#3842,1.);
#3842 = DIRECTION('',(0.,1.));
#3843 = ( GEOMETRIC_REPRESENTATION_CONTEXT(2) 
PARAMETRIC_REPRESENTATION_CONTEXT() REPRESENTATION_CONTEXT('2D SPACE',''
  ) );
#3844 = ORIENTED_EDGE('',*,*,#3845,.T.);
#3845 = EDGE_CURVE('',#3823,#3846,#3848,.T.);
#3846 = VERTEX_POINT('',#3847);
#3847 = CARTESIAN_POINT('',(128.90895393542,798.5748016194,13.));
#3848 = SURFACE_CURVE('',#3849,(#3853,#3860),.PCURVE_S1.);
#3849 = LINE('',#3850,#3851);
#3850 = CARTESIAN_POINT('',(128.90895393542,798.5748016194,-13.));
#3851 = VECTOR('',#3852,1.);
#3852 = DIRECTION('',(0.,0.,1.));
#3853 = PCURVE('',#3803,#3854);
#3854 = DEFINITIONAL_REPRESENTATION('',(#3855),#3859);
#3855 = LINE('',#3856,#3857);
#3856 = CARTESIAN_POINT('',(0.,-6.));
#3857 = VECTOR('',#3858,1.);
#3858 = DIRECTION('',(1.,0.));
#3859 = ( GEOMETRIC_REPRESENTATION_CONTEXT(2) 
PARAMETRIC_REPRESENTATION_CONTEXT() REPRESENTATION_CONTEXT('2D SPACE',''
  ) );
#3860 = PCURVE('',#3751,#3861);
#3861 = DEFINITIONAL_REPRESENTATION('',(#3862),#3866);
#3862 = LINE('',#3863,#3864);
#3863 = CARTESIAN_POINT('',(0.,225.));
#3864 = VECTOR('',#3865,1.);
#3865 = DIRECTION('',(1.,0.));
#3866 = ( GEOMETRIC_REPRESENTATION_CONTEXT(2) 
PARAMETRIC_REPRESENTATION_CONTEXT() REPRESENTATION_CONTEXT('2D SPACE',''
  ) );
#3867 = ORIENTED_EDGE('',*,*,#3868,.F.);
#3868 = EDGE_CURVE('',#3795,#3846,#3869,.T.);
#3869 = SURFACE_CURVE('',#3870,(#3874,#3881),.PCURVE_S1.);
#3870 = LINE('',#3871,#3872);
#3871 = CARTESIAN_POINT('',(130.46186820603,792.77924666167,13.));
#3872 = VECTOR('',#3873,1.);
#3873 = DIRECTION('',(-0.258819045103,0.965925826289,0.));
#3874 = PCURVE('',#3803,#3875);
#3875 = DEFINITIONAL_REPRESENTATION('',(#3876),#3880);
#3876 = LINE('',#3877,#3878);
#3877 = CARTESIAN_POINT('',(26.,0.));
#3878 = VECTOR('',#3879,1.);
#3879 = DIRECTION('',(0.,-1.));
#3880 = ( GEOMETRIC_REPRESENTATION_CONTEXT(2) 
PARAMETRIC_REPRESENTATION_CONTEXT() REPRESENTATION_CONTEXT('2D SPACE',''
  ) );
#3881 = PCURVE('',#3777,#3882);
#3882 = DEFINITIONAL_REPRESENTATION('',(#3883),#3887);
#3883 = LINE('',#3884,#3885);
#3884 = CARTESIAN_POINT('',(225.,4.263256414561E-14));
#3885 = VECTOR('',#3886,1.);
#3886 = DIRECTION('',(0.,1.));
#3887 = ( GEOMETRIC_REPRESENTATION_CONTEXT(2) 
PARAMETRIC_REPRESENTATION_CONTEXT() REPRESENTATION_CONTEXT('2D SPACE',''
  ) );
#3888 = ADVANCED_FACE('',(#3889),#3695,.F.);
#3889 = FACE_BOUND('',#3890,.F.);
#3890 = EDGE_LOOP('',(#3891,#3912,#3913,#3934));
#3891 = ORIENTED_EDGE('',*,*,#3892,.F.);
#3892 = EDGE_CURVE('',#3673,#3793,#3893,.T.);
#3893 = SURFACE_CURVE('',#3894,(#3898,#3905),.PCURVE_S1.);
#3894 = LINE('',#3895,#3896);
#3895 = CARTESIAN_POINT('',(-86.871442709,734.5449615136,-13.));
#3896 = VECTOR('',#3897,1.);
#3897 = DIRECTION('',(0.965925826289,0.258819045103,0.));
#3898 = PCURVE('',#3695,#3899);
#3899 = DEFINITIONAL_REPRESENTATION('',(#3900),#3904);
#3900 = LINE('',#3901,#3902);
#3901 = CARTESIAN_POINT('',(0.,0.));
#3902 = VECTOR('',#3903,1.);
#3903 = DIRECTION('',(0.,1.));
#3904 = ( GEOMETRIC_REPRESENTATION_CONTEXT(2) 
PARAMETRIC_REPRESENTATION_CONTEXT() REPRESENTATION_CONTEXT('2D SPACE',''
  ) );
#3905 = PCURVE('',#3723,#3906);
#3906 = DEFINITIONAL_REPRESENTATION('',(#3907),#3911);
#3907 = LINE('',#3908,#3909);
#3908 = CARTESIAN_POINT('',(0.,0.));
#3909 = VECTOR('',#3910,1.);
#3910 = DIRECTION('',(1.,0.));
#3911 = ( GEOMETRIC_REPRESENTATION_CONTEXT(2) 
PARAMETRIC_REPRESENTATION_CONTEXT() REPRESENTATION_CONTEXT('2D SPACE',''
  ) );
#3912 = ORIENTED_EDGE('',*,*,#3672,.T.);
#3913 = ORIENTED_EDGE('',*,*,#3914,.T.);
#3914 = EDGE_CURVE('',#3675,#3795,#3915,.T.);
#3915 = SURFACE_CURVE('',#3916,(#3920,#3927),.PCURVE_S1.);
#3916 = LINE('',#3917,#3918);
#3917 = CARTESIAN_POINT('',(-86.871442709,734.5449615136,13.));
#3918 = VECTOR('',#3919,1.);
#3919 = DIRECTION('',(0.965925826289,0.258819045103,0.));
#3920 = PCURVE('',#3695,#3921);
#3921 = DEFINITIONAL_REPRESENTATION('',(#3922),#3926);
#3922 = LINE('',#3923,#3924);
#3923 = CARTESIAN_POINT('',(26.,0.));
#3924 = VECTOR('',#3925,1.);
#3925 = DIRECTION('',(0.,1.));
#3926 = ( GEOMETRIC_REPRESENTATION_CONTEXT(2) 
PARAMETRIC_REPRESENTATION_CONTEXT() REPRESENTATION_CONTEXT('2D SPACE',''
  ) );
#3927 = PCURVE('',#3777,#3928);
#3928 = DEFINITIONAL_REPRESENTATION('',(#3929),#3933);
#3929 = LINE('',#3930,#3931);
#3930 = CARTESIAN_POINT('',(0.,0.));
#3931 = VECTOR('',#3932,1.);
#3932 = DIRECTION('',(1.,0.));
#3933 = ( GEOMETRIC_REPRESENTATION_CONTEXT(2) 
PARAMETRIC_REPRESENTATION_CONTEXT() REPRESENTATION_CONTEXT('2D SPACE',''
  ) );
#3934 = ORIENTED_EDGE('',*,*,#3792,.F.);
#3935 = ADVANCED_FACE('',(#3936),#3751,.T.);
#3936 = FACE_BOUND('',#3937,.T.);
#3937 = EDGE_LOOP('',(#3938,#3959,#3960,#3981));
#3938 = ORIENTED_EDGE('',*,*,#3939,.F.);
#3939 = EDGE_CURVE('',#3708,#3823,#3940,.T.);
#3940 = SURFACE_CURVE('',#3941,(#3945,#3952),.PCURVE_S1.);
#3941 = LINE('',#3942,#3943);
#3942 = CARTESIAN_POINT('',(-88.42435697961,740.34051647133,-13.));
#3943 = VECTOR('',#3944,1.);
#3944 = DIRECTION('',(0.965925826289,0.258819045103,0.));
#3945 = PCURVE('',#3751,#3946);
#3946 = DEFINITIONAL_REPRESENTATION('',(#3947),#3951);
#3947 = LINE('',#3948,#3949);
#3948 = CARTESIAN_POINT('',(0.,0.));
#3949 = VECTOR('',#3950,1.);
#3950 = DIRECTION('',(0.,1.));
#3951 = ( GEOMETRIC_REPRESENTATION_CONTEXT(2) 
PARAMETRIC_REPRESENTATION_CONTEXT() REPRESENTATION_CONTEXT('2D SPACE',''
  ) );
#3952 = PCURVE('',#3723,#3953);
#3953 = DEFINITIONAL_REPRESENTATION('',(#3954),#3958);
#3954 = LINE('',#3955,#3956);
#3955 = CARTESIAN_POINT('',(1.643130076445E-14,6.));
#3956 = VECTOR('',#3957,1.);
#3957 = DIRECTION('',(1.,0.));
#3958 = ( GEOMETRIC_REPRESENTATION_CONTEXT(2) 
PARAMETRIC_REPRESENTATION_CONTEXT() REPRESENTATION_CONTEXT('2D SPACE',''
  ) );
#3959 = ORIENTED_EDGE('',*,*,#3735,.T.);
#3960 = ORIENTED_EDGE('',*,*,#3961,.T.);
#3961 = EDGE_CURVE('',#3736,#3846,#3962,.T.);
#3962 = SURFACE_CURVE('',#3963,(#3967,#3974),.PCURVE_S1.);
#3963 = LINE('',#3964,#3965);
#3964 = CARTESIAN_POINT('',(-88.42435697961,740.34051647133,13.));
#3965 = VECTOR('',#3966,1.);
#3966 = DIRECTION('',(0.965925826289,0.258819045103,0.));
#3967 = PCURVE('',#3751,#3968);
#3968 = DEFINITIONAL_REPRESENTATION('',(#3969),#3973);
#3969 = LINE('',#3970,#3971);
#3970 = CARTESIAN_POINT('',(26.,0.));
#3971 = VECTOR('',#3972,1.);
#3972 = DIRECTION('',(0.,1.));
#3973 = ( GEOMETRIC_REPRESENTATION_CONTEXT(2) 
PARAMETRIC_REPRESENTATION_CONTEXT() REPRESENTATION_CONTEXT('2D SPACE',''
  ) );
#3974 = PCURVE('',#3777,#3975);
#3975 = DEFINITIONAL_REPRESENTATION('',(#3976),#3980);
#3976 = LINE('',#3977,#3978);
#3977 = CARTESIAN_POINT('',(1.643130076445E-14,6.));
#3978 = VECTOR('',#3979,1.);
#3979 = DIRECTION('',(1.,0.));
#3980 = ( GEOMETRIC_REPRESENTATION_CONTEXT(2) 
PARAMETRIC_REPRESENTATION_CONTEXT() REPRESENTATION_CONTEXT('2D SPACE',''
  ) );
#3981 = ORIENTED_EDGE('',*,*,#3845,.F.);
#3982 = ADVANCED_FACE('',(#3983),#3723,.F.);
#3983 = FACE_BOUND('',#3984,.F.);
#3984 = EDGE_LOOP('',(#3985,#3986,#3987,#3988));
#3985 = ORIENTED_EDGE('',*,*,#3707,.F.);
#3986 = ORIENTED_EDGE('',*,*,#3892,.T.);
#3987 = ORIENTED_EDGE('',*,*,#3822,.T.);
#3988 = ORIENTED_EDGE('',*,*,#3939,.F.);
#3989 = ADVANCED_FACE('',(#3990),#3777,.T.);
#3990 = FACE_BOUND('',#3991,.T.);
#3991 = EDGE_LOOP('',(#3992,#3993,#3994,#3995));
#3992 = ORIENTED_EDGE('',*,*,#3763,.F.);
#3993 = ORIENTED_EDGE('',*,*,#3914,.T.);
#3994 = ORIENTED_EDGE('',*,*,#3868,.T.);
#3995 = ORIENTED_EDGE('',*,*,#3961,.F.);
#3996 = ( GEOMETRIC_REPRESENTATION_CONTEXT(3) 
GLOBAL_UNCERTAINTY_ASSIGNED_CONTEXT((#4000)) 
GLOBAL_UNIT_ASSIGNED_CONTEXT((#3997,#3998,#3999)) REPRESENTATION_CONTEXT
('Context #1','3D Context with UNIT and UNCERTAINTY') );
#3997 = ( LENGTH_UNIT() NAMED_UNIT(*) SI_UNIT(.MILLI.,.METRE.) );
#3998 = ( NAMED_UNIT(*) PLANE_ANGLE_UNIT() SI_UNIT($,.RADIAN.) );
#3999 = ( NAMED_UNIT(*) SI_UNIT($,.STERADIAN.) SOLID_ANGLE_UNIT() );
#4000 = UNCERTAINTY_MEASURE_WITH_UNIT(LENGTH_MEASURE(1.E-07),#3997,
  'distance_accuracy_value','confusion accuracy');
#4001 = CONTEXT_DEPENDENT_SHAPE_REPRESENTATION(#4002,#4004);
#4002 = ( REPRESENTATION_RELATIONSHIP('','',#3665,#10) 
REPRESENTATION_RELATIONSHIP_WITH_TRANSFORMATION(#4003) 
SHAPE_REPRESENTATION_RELATIONSHIP() );
#4003 = ITEM_DEFINED_TRANSFORMATION('','',#11,#27);
#4004 = PRODUCT_DEFINITION_SHAPE('Placement','Placement of an item',
  #4005);
#4005 = NEXT_ASSEMBLY_USAGE_OCCURRENCE('4','ferrule','',#5,#3660,$);
#4006 = PRODUCT_RELATED_PRODUCT_CATEGORY('part',$,(#3662));
#4007 = SHAPE_DEFINITION_REPRESENTATION(#4008,#4014);
#4008 = PRODUCT_DEFINITION_SHAPE('','',#4009);
#4009 = PRODUCT_DEFINITION('design','',#4010,#4013);
#4010 = PRODUCT_DEFINITION_FORMATION('','',#4011);
#4011 = PRODUCT('bristle','bristle','',(#4012));
#4012 = PRODUCT_CONTEXT('',#2,'mechanical');
#4013 = PRODUCT_DEFINITION_CONTEXT('part definition',#2,'design');
#4014 = ADVANCED_BREP_SHAPE_REPRESENTATION('',(#11,#4015),#4337);
#4015 = MANIFOLD_SOLID_BREP('',#4016);
#4016 = CLOSED_SHELL('',(#4017,#4134,#4208,#4277,#4323,#4330));
#4017 = ADVANCED_FACE('',(#4018),#4032,.F.);
#4018 = FACE_BOUND('',#4019,.F.);
#4019 = EDGE_LOOP('',(#4020,#4054,#4081,#4109));
#4020 = ORIENTED_EDGE('',*,*,#4021,.T.);
#4021 = EDGE_CURVE('',#4022,#4024,#4026,.T.);
#4022 = VERTEX_POINT('',#4023);
#4023 = CARTESIAN_POINT('',(-86.49250532704,740.85815456154,-12.));
#4024 = VERTEX_POINT('',#4025);
#4025 = CARTESIAN_POINT('',(126.97710228284,798.05716352919,-12.));
#4026 = SURFACE_CURVE('',#4027,(#4031,#4042),.PCURVE_S1.);
#4027 = LINE('',#4028,#4029);
#4028 = CARTESIAN_POINT('',(-86.49250532704,740.85815456154,-12.));
#4029 = VECTOR('',#4030,1.);
#4030 = DIRECTION('',(0.965925826289,0.258819045103,0.));
#4031 = PCURVE('',#4032,#4037);
#4032 = B_SPLINE_SURFACE_WITH_KNOTS('',1,1,(
    (#4033,#4034)
    ,(#4035,#4036
    )),.UNSPECIFIED.,.F.,.F.,.F.,(2,2),(2,2),(0.,260.),(0.,1.),
  .PIECEWISE_BEZIER_KNOTS.);
#4033 = CARTESIAN_POINT('',(-86.49250532704,740.85815456154,-12.));
#4034 = CARTESIAN_POINT('',(-124.7394873223,808.25562015372,-16.));
#4035 = CARTESIAN_POINT('',(126.97710228284,798.05716352919,-12.));
#4036 = CARTESIAN_POINT('',(126.40122751279,875.54857188037,-16.));
#4037 = DEFINITIONAL_REPRESENTATION('',(#4038),#4041);
#4038 = B_SPLINE_CURVE_WITH_KNOTS('',1,(#4039,#4040),.UNSPECIFIED.,.F.,
  .F.,(2,2),(0.,221.),.PIECEWISE_BEZIER_KNOTS.);
#4039 = CARTESIAN_POINT('',(0.,0.));
#4040 = CARTESIAN_POINT('',(260.,0.));
#4041 = ( GEOMETRIC_REPRESENTATION_CONTEXT(2) 
PARAMETRIC_REPRESENTATION_CONTEXT() REPRESENTATION_CONTEXT('2D SPACE',''
  ) );
#4042 = PCURVE('',#4043,#4048);
#4043 = PLANE('',#4044);
#4044 = AXIS2_PLACEMENT_3D('',#4045,#4046,#4047);
#4045 = CARTESIAN_POINT('',(-86.49250532704,740.85815456154,-12.));
#4046 = DIRECTION('',(-0.258819045103,0.965925826289,0.));
#4047 = DIRECTION('',(0.9602799549,0.257306238423,0.107962530009));
#4048 = DEFINITIONAL_REPRESENTATION('',(#4049),#4053);
#4049 = LINE('',#4050,#4051);
#4050 = CARTESIAN_POINT('',(0.,0.));
#4051 = VECTOR('',#4052,1.);
#4052 = DIRECTION('',(0.994154963833,0.107962530009));
#4053 = ( GEOMETRIC_REPRESENTATION_CONTEXT(2) 
PARAMETRIC_REPRESENTATION_CONTEXT() REPRESENTATION_CONTEXT('2D SPACE',''
  ) );
#4054 = ORIENTED_EDGE('',*,*,#4055,.T.);
#4055 = EDGE_CURVE('',#4024,#4056,#4058,.T.);
#4056 = VERTEX_POINT('',#4057);
#4057 = CARTESIAN_POINT('',(126.40122751279,875.54857188037,-16.));
#4058 = SURFACE_CURVE('',#4059,(#4062,#4069),.PCURVE_S1.);
#4059 = B_SPLINE_CURVE_WITH_KNOTS('',1,(#4060,#4061),.UNSPECIFIED.,.F.,
  .F.,(2,2),(0.,1.),.PIECEWISE_BEZIER_KNOTS.);
#4060 = CARTESIAN_POINT('',(126.97710228284,798.05716352919,-12.));
#4061 = CARTESIAN_POINT('',(126.40122751279,875.54857188037,-16.));
#4062 = PCURVE('',#4032,#4063);
#4063 = DEFINITIONAL_REPRESENTATION('',(#4064),#4068);
#4064 = LINE('',#4065,#4066);
#4065 = CARTESIAN_POINT('',(260.,0.));
#4066 = VECTOR('',#4067,1.);
#4067 = DIRECTION('',(0.,1.));
#4068 = ( GEOMETRIC_REPRESENTATION_CONTEXT(2) 
PARAMETRIC_REPRESENTATION_CONTEXT() REPRESENTATION_CONTEXT('2D SPACE',''
  ) );
#4069 = PCURVE('',#4070,#4075);
#4070 = B_SPLINE_SURFACE_WITH_KNOTS('',1,1,(
    (#4071,#4072)
    ,(#4073,#4074
    )),.UNSPECIFIED.,.F.,.F.,.F.,(2,2),(2,2),(0.,32.),(0.,1.),
  .PIECEWISE_BEZIER_KNOTS.);
#4071 = CARTESIAN_POINT('',(126.97710228284,798.05716352919,-12.));
#4072 = CARTESIAN_POINT('',(126.40122751279,875.54857188037,-16.));
#4073 = CARTESIAN_POINT('',(126.97710228284,798.05716352919,12.));
#4074 = CARTESIAN_POINT('',(126.40122751279,875.54857188037,16.));
#4075 = DEFINITIONAL_REPRESENTATION('',(#4076),#4080);
#4076 = LINE('',#4077,#4078);
#4077 = CARTESIAN_POINT('',(0.,0.));
#4078 = VECTOR('',#4079,1.);
#4079 = DIRECTION('',(0.,1.));
#4080 = ( GEOMETRIC_REPRESENTATION_CONTEXT(2) 
PARAMETRIC_REPRESENTATION_CONTEXT() REPRESENTATION_CONTEXT('2D SPACE',''
  ) );
#4081 = ORIENTED_EDGE('',*,*,#4082,.F.);
#4082 = EDGE_CURVE('',#4083,#4056,#4085,.T.);
#4083 = VERTEX_POINT('',#4084);
#4084 = CARTESIAN_POINT('',(-124.7394873223,808.25562015372,-16.));
#4085 = SURFACE_CURVE('',#4086,(#4090,#4097),.PCURVE_S1.);
#4086 = LINE('',#4087,#4088);
#4087 = CARTESIAN_POINT('',(-124.7394873223,808.25562015372,-16.));
#4088 = VECTOR('',#4089,1.);
#4089 = DIRECTION('',(0.965925826289,0.258819045103,0.));
#4090 = PCURVE('',#4032,#4091);
#4091 = DEFINITIONAL_REPRESENTATION('',(#4092),#4096);
#4092 = LINE('',#4093,#4094);
#4093 = CARTESIAN_POINT('',(0.,1.));
#4094 = VECTOR('',#4095,1.);
#4095 = DIRECTION('',(1.,0.));
#4096 = ( GEOMETRIC_REPRESENTATION_CONTEXT(2) 
PARAMETRIC_REPRESENTATION_CONTEXT() REPRESENTATION_CONTEXT('2D SPACE',''
  ) );
#4097 = PCURVE('',#4098,#4103);
#4098 = PLANE('',#4099);
#4099 = AXIS2_PLACEMENT_3D('',#4100,#4101,#4102);
#4100 = CARTESIAN_POINT('',(-124.7394873223,808.25562015372,-16.));
#4101 = DIRECTION('',(-0.258819045103,0.965925826289,0.));
#4102 = DIRECTION('',(0.958692018318,0.256880752098,0.122155201343));
#4103 = DEFINITIONAL_REPRESENTATION('',(#4104),#4108);
#4104 = LINE('',#4105,#4106);
#4105 = CARTESIAN_POINT('',(0.,0.));
#4106 = VECTOR('',#4107,1.);
#4107 = DIRECTION('',(0.992511010914,0.122155201343));
#4108 = ( GEOMETRIC_REPRESENTATION_CONTEXT(2) 
PARAMETRIC_REPRESENTATION_CONTEXT() REPRESENTATION_CONTEXT('2D SPACE',''
  ) );
#4109 = ORIENTED_EDGE('',*,*,#4110,.F.);
#4110 = EDGE_CURVE('',#4022,#4083,#4111,.T.);
#4111 = SURFACE_CURVE('',#4112,(#4115,#4122),.PCURVE_S1.);
#4112 = B_SPLINE_CURVE_WITH_KNOTS('',1,(#4113,#4114),.UNSPECIFIED.,.F.,
  .F.,(2,2),(0.,1.),.PIECEWISE_BEZIER_KNOTS.);
#4113 = CARTESIAN_POINT('',(-86.49250532704,740.85815456154,-12.));
#4114 = CARTESIAN_POINT('',(-124.7394873223,808.25562015372,-16.));
#4115 = PCURVE('',#4032,#4116);
#4116 = DEFINITIONAL_REPRESENTATION('',(#4117),#4121);
#4117 = LINE('',#4118,#4119);
#4118 = CARTESIAN_POINT('',(0.,0.));
#4119 = VECTOR('',#4120,1.);
#4120 = DIRECTION('',(0.,1.));
#4121 = ( GEOMETRIC_REPRESENTATION_CONTEXT(2) 
PARAMETRIC_REPRESENTATION_CONTEXT() REPRESENTATION_CONTEXT('2D SPACE',''
  ) );
#4122 = PCURVE('',#4123,#4128);
#4123 = B_SPLINE_SURFACE_WITH_KNOTS('',1,1,(
    (#4124,#4125)
    ,(#4126,#4127
    )),.UNSPECIFIED.,.F.,.F.,.F.,(2,2),(2,2),(0.,32.),(0.,1.),
  .PIECEWISE_BEZIER_KNOTS.);
#4124 = CARTESIAN_POINT('',(-86.49250532704,740.85815456154,12.));
#4125 = CARTESIAN_POINT('',(-124.7394873223,808.25562015372,16.));
#4126 = CARTESIAN_POINT('',(-86.49250532704,740.85815456154,-12.));
#4127 = CARTESIAN_POINT('',(-124.7394873223,808.25562015372,-16.));
#4128 = DEFINITIONAL_REPRESENTATION('',(#4129),#4133);
#4129 = LINE('',#4130,#4131);
#4130 = CARTESIAN_POINT('',(32.,0.));
#4131 = VECTOR('',#4132,1.);
#4132 = DIRECTION('',(0.,1.));
#4133 = ( GEOMETRIC_REPRESENTATION_CONTEXT(2) 
PARAMETRIC_REPRESENTATION_CONTEXT() REPRESENTATION_CONTEXT('2D SPACE',''
  ) );
#4134 = ADVANCED_FACE('',(#4135),#4070,.F.);
#4135 = FACE_BOUND('',#4136,.F.);
#4136 = EDGE_LOOP('',(#4137,#4159,#4186,#4207));
#4137 = ORIENTED_EDGE('',*,*,#4138,.T.);
#4138 = EDGE_CURVE('',#4024,#4139,#4141,.T.);
#4139 = VERTEX_POINT('',#4140);
#4140 = CARTESIAN_POINT('',(126.97710228284,798.05716352919,12.));
#4141 = SURFACE_CURVE('',#4142,(#4146,#4152),.PCURVE_S1.);
#4142 = LINE('',#4143,#4144);
#4143 = CARTESIAN_POINT('',(126.97710228284,798.05716352919,-12.));
#4144 = VECTOR('',#4145,1.);
#4145 = DIRECTION('',(0.,0.,1.));
#4146 = PCURVE('',#4070,#4147);
#4147 = DEFINITIONAL_REPRESENTATION('',(#4148),#4151);
#4148 = B_SPLINE_CURVE_WITH_KNOTS('',1,(#4149,#4150),.UNSPECIFIED.,.F.,
  .F.,(2,2),(0.,24.),.PIECEWISE_BEZIER_KNOTS.);
#4149 = CARTESIAN_POINT('',(0.,0.));
#4150 = CARTESIAN_POINT('',(32.,0.));
#4151 = ( GEOMETRIC_REPRESENTATION_CONTEXT(2) 
PARAMETRIC_REPRESENTATION_CONTEXT() REPRESENTATION_CONTEXT('2D SPACE',''
  ) );
#4152 = PCURVE('',#4043,#4153);
#4153 = DEFINITIONAL_REPRESENTATION('',(#4154),#4158);
#4154 = LINE('',#4155,#4156);
#4155 = CARTESIAN_POINT('',(219.70824700712,23.859719131995));
#4156 = VECTOR('',#4157,1.);
#4157 = DIRECTION('',(0.107962530009,-0.994154963833));
#4158 = ( GEOMETRIC_REPRESENTATION_CONTEXT(2) 
PARAMETRIC_REPRESENTATION_CONTEXT() REPRESENTATION_CONTEXT('2D SPACE',''
  ) );
#4159 = ORIENTED_EDGE('',*,*,#4160,.T.);
#4160 = EDGE_CURVE('',#4139,#4161,#4163,.T.);
#4161 = VERTEX_POINT('',#4162);
#4162 = CARTESIAN_POINT('',(126.40122751279,875.54857188037,16.));
#4163 = SURFACE_CURVE('',#4164,(#4167,#4174),.PCURVE_S1.);
#4164 = B_SPLINE_CURVE_WITH_KNOTS('',1,(#4165,#4166),.UNSPECIFIED.,.F.,
  .F.,(2,2),(0.,1.),.PIECEWISE_BEZIER_KNOTS.);
#4165 = CARTESIAN_POINT('',(126.97710228284,798.05716352919,12.));
#4166 = CARTESIAN_POINT('',(126.40122751279,875.54857188037,16.));
#4167 = PCURVE('',#4070,#4168);
#4168 = DEFINITIONAL_REPRESENTATION('',(#4169),#4173);
#4169 = LINE('',#4170,#4171);
#4170 = CARTESIAN_POINT('',(32.,0.));
#4171 = VECTOR('',#4172,1.);
#4172 = DIRECTION('',(0.,1.));
#4173 = ( GEOMETRIC_REPRESENTATION_CONTEXT(2) 
PARAMETRIC_REPRESENTATION_CONTEXT() REPRESENTATION_CONTEXT('2D SPACE',''
  ) );
#4174 = PCURVE('',#4175,#4180);
#4175 = B_SPLINE_SURFACE_WITH_KNOTS('',1,1,(
    (#4176,#4177)
    ,(#4178,#4179
    )),.UNSPECIFIED.,.F.,.F.,.F.,(2,2),(2,2),(0.,260.),(0.,1.),
  .PIECEWISE_BEZIER_KNOTS.);
#4176 = CARTESIAN_POINT('',(126.97710228284,798.05716352919,12.));
#4177 = CARTESIAN_POINT('',(126.40122751279,875.54857188037,16.));
#4178 = CARTESIAN_POINT('',(-86.49250532704,740.85815456154,12.));
#4179 = CARTESIAN_POINT('',(-124.7394873223,808.25562015372,16.));
#4180 = DEFINITIONAL_REPRESENTATION('',(#4181),#4185);
#4181 = LINE('',#4182,#4183);
#4182 = CARTESIAN_POINT('',(0.,0.));
#4183 = VECTOR('',#4184,1.);
#4184 = DIRECTION('',(0.,1.));
#4185 = ( GEOMETRIC_REPRESENTATION_CONTEXT(2) 
PARAMETRIC_REPRESENTATION_CONTEXT() REPRESENTATION_CONTEXT('2D SPACE',''
  ) );
#4186 = ORIENTED_EDGE('',*,*,#4187,.F.);
#4187 = EDGE_CURVE('',#4056,#4161,#4188,.T.);
#4188 = SURFACE_CURVE('',#4189,(#4193,#4200),.PCURVE_S1.);
#4189 = LINE('',#4190,#4191);
#4190 = CARTESIAN_POINT('',(126.40122751279,875.54857188037,-16.));
#4191 = VECTOR('',#4192,1.);
#4192 = DIRECTION('',(0.,0.,1.));
#4193 = PCURVE('',#4070,#4194);
#4194 = DEFINITIONAL_REPRESENTATION('',(#4195),#4199);
#4195 = LINE('',#4196,#4197);
#4196 = CARTESIAN_POINT('',(0.,1.));
#4197 = VECTOR('',#4198,1.);
#4198 = DIRECTION('',(1.,0.));
#4199 = ( GEOMETRIC_REPRESENTATION_CONTEXT(2) 
PARAMETRIC_REPRESENTATION_CONTEXT() REPRESENTATION_CONTEXT('2D SPACE',''
  ) );
#4200 = PCURVE('',#4098,#4201);
#4201 = DEFINITIONAL_REPRESENTATION('',(#4202),#4206);
#4202 = LINE('',#4203,#4204);
#4203 = CARTESIAN_POINT('',(258.05286283754,31.760352349236));
#4204 = VECTOR('',#4205,1.);
#4205 = DIRECTION('',(0.122155201343,-0.992511010914));
#4206 = ( GEOMETRIC_REPRESENTATION_CONTEXT(2) 
PARAMETRIC_REPRESENTATION_CONTEXT() REPRESENTATION_CONTEXT('2D SPACE',''
  ) );
#4207 = ORIENTED_EDGE('',*,*,#4055,.F.);
#4208 = ADVANCED_FACE('',(#4209),#4175,.F.);
#4209 = FACE_BOUND('',#4210,.F.);
#4210 = EDGE_LOOP('',(#4211,#4233,#4255,#4276));
#4211 = ORIENTED_EDGE('',*,*,#4212,.T.);
#4212 = EDGE_CURVE('',#4139,#4213,#4215,.T.);
#4213 = VERTEX_POINT('',#4214);
#4214 = CARTESIAN_POINT('',(-86.49250532704,740.85815456154,12.));
#4215 = SURFACE_CURVE('',#4216,(#4220,#4226),.PCURVE_S1.);
#4216 = LINE('',#4217,#4218);
#4217 = CARTESIAN_POINT('',(126.97710228284,798.05716352919,12.));
#4218 = VECTOR('',#4219,1.);
#4219 = DIRECTION('',(-0.965925826289,-0.258819045103,0.));
#4220 = PCURVE('',#4175,#4221);
#4221 = DEFINITIONAL_REPRESENTATION('',(#4222),#4225);
#4222 = B_SPLINE_CURVE_WITH_KNOTS('',1,(#4223,#4224),.UNSPECIFIED.,.F.,
  .F.,(2,2),(0.,221.),.PIECEWISE_BEZIER_KNOTS.);
#4223 = CARTESIAN_POINT('',(0.,0.));
#4224 = CARTESIAN_POINT('',(260.,0.));
#4225 = ( GEOMETRIC_REPRESENTATION_CONTEXT(2) 
PARAMETRIC_REPRESENTATION_CONTEXT() REPRESENTATION_CONTEXT('2D SPACE',''
  ) );
#4226 = PCURVE('',#4043,#4227);
#4227 = DEFINITIONAL_REPRESENTATION('',(#4228),#4232);
#4228 = LINE('',#4229,#4230);
#4229 = CARTESIAN_POINT('',(222.29934772733,-3.552713678801E-15));
#4230 = VECTOR('',#4231,1.);
#4231 = DIRECTION('',(-0.994154963833,-0.107962530009));
#4232 = ( GEOMETRIC_REPRESENTATION_CONTEXT(2) 
PARAMETRIC_REPRESENTATION_CONTEXT() REPRESENTATION_CONTEXT('2D SPACE',''
  ) );
#4233 = ORIENTED_EDGE('',*,*,#4234,.T.);
#4234 = EDGE_CURVE('',#4213,#4235,#4237,.T.);
#4235 = VERTEX_POINT('',#4236);
#4236 = CARTESIAN_POINT('',(-124.7394873223,808.25562015372,16.));
#4237 = SURFACE_CURVE('',#4238,(#4241,#4248),.PCURVE_S1.);
#4238 = B_SPLINE_CURVE_WITH_KNOTS('',1,(#4239,#4240),.UNSPECIFIED.,.F.,
  .F.,(2,2),(0.,1.),.PIECEWISE_BEZIER_KNOTS.);
#4239 = CARTESIAN_POINT('',(-86.49250532704,740.85815456154,12.));
#4240 = CARTESIAN_POINT('',(-124.7394873223,808.25562015372,16.));
#4241 = PCURVE('',#4175,#4242);
#4242 = DEFINITIONAL_REPRESENTATION('',(#4243),#4247);
#4243 = LINE('',#4244,#4245);
#4244 = CARTESIAN_POINT('',(260.,0.));
#4245 = VECTOR('',#4246,1.);
#4246 = DIRECTION('',(0.,1.));
#4247 = ( GEOMETRIC_REPRESENTATION_CONTEXT(2) 
PARAMETRIC_REPRESENTATION_CONTEXT() REPRESENTATION_CONTEXT('2D SPACE',''
  ) );
#4248 = PCURVE('',#4123,#4249);
#4249 = DEFINITIONAL_REPRESENTATION('',(#4250),#4254);
#4250 = LINE('',#4251,#4252);
#4251 = CARTESIAN_POINT('',(0.,0.));
#4252 = VECTOR('',#4253,1.);
#4253 = DIRECTION('',(0.,1.));
#4254 = ( GEOMETRIC_REPRESENTATION_CONTEXT(2) 
PARAMETRIC_REPRESENTATION_CONTEXT() REPRESENTATION_CONTEXT('2D SPACE',''
  ) );
#4255 = ORIENTED_EDGE('',*,*,#4256,.F.);
#4256 = EDGE_CURVE('',#4161,#4235,#4257,.T.);
#4257 = SURFACE_CURVE('',#4258,(#4262,#4269),.PCURVE_S1.);
#4258 = LINE('',#4259,#4260);
#4259 = CARTESIAN_POINT('',(126.40122751279,875.54857188037,16.));
#4260 = VECTOR('',#4261,1.);
#4261 = DIRECTION('',(-0.965925826289,-0.258819045103,0.));
#4262 = PCURVE('',#4175,#4263);
#4263 = DEFINITIONAL_REPRESENTATION('',(#4264),#4268);
#4264 = LINE('',#4265,#4266);
#4265 = CARTESIAN_POINT('',(0.,1.));
#4266 = VECTOR('',#4267,1.);
#4267 = DIRECTION('',(1.,0.));
#4268 = ( GEOMETRIC_REPRESENTATION_CONTEXT(2) 
PARAMETRIC_REPRESENTATION_CONTEXT() REPRESENTATION_CONTEXT('2D SPACE',''
  ) );
#4269 = PCURVE('',#4098,#4270);
#4270 = DEFINITIONAL_REPRESENTATION('',(#4271),#4275);
#4271 = LINE('',#4272,#4273);
#4272 = CARTESIAN_POINT('',(261.96182928052,3.552713678801E-15));
#4273 = VECTOR('',#4274,1.);
#4274 = DIRECTION('',(-0.992511010914,-0.122155201343));
#4275 = ( GEOMETRIC_REPRESENTATION_CONTEXT(2) 
PARAMETRIC_REPRESENTATION_CONTEXT() REPRESENTATION_CONTEXT('2D SPACE',''
  ) );
#4276 = ORIENTED_EDGE('',*,*,#4160,.F.);
#4277 = ADVANCED_FACE('',(#4278),#4123,.F.);
#4278 = FACE_BOUND('',#4279,.F.);
#4279 = EDGE_LOOP('',(#4280,#4300,#4301,#4322));
#4280 = ORIENTED_EDGE('',*,*,#4281,.T.);
#4281 = EDGE_CURVE('',#4213,#4022,#4282,.T.);
#4282 = SURFACE_CURVE('',#4283,(#4287,#4293),.PCURVE_S1.);
#4283 = LINE('',#4284,#4285);
#4284 = CARTESIAN_POINT('',(-86.49250532704,740.85815456154,12.));
#4285 = VECTOR('',#4286,1.);
#4286 = DIRECTION('',(0.,0.,-1.));
#4287 = PCURVE('',#4123,#4288);
#4288 = DEFINITIONAL_REPRESENTATION('',(#4289),#4292);
#4289 = B_SPLINE_CURVE_WITH_KNOTS('',1,(#4290,#4291),.UNSPECIFIED.,.F.,
  .F.,(2,2),(0.,24.),.PIECEWISE_BEZIER_KNOTS.);
#4290 = CARTESIAN_POINT('',(0.,0.));
#4291 = CARTESIAN_POINT('',(32.,0.));
#4292 = ( GEOMETRIC_REPRESENTATION_CONTEXT(2) 
PARAMETRIC_REPRESENTATION_CONTEXT() REPRESENTATION_CONTEXT('2D SPACE',''
  ) );
#4293 = PCURVE('',#4043,#4294);
#4294 = DEFINITIONAL_REPRESENTATION('',(#4295),#4299);
#4295 = LINE('',#4296,#4297);
#4296 = CARTESIAN_POINT('',(2.591100720217,-23.85971913199));
#4297 = VECTOR('',#4298,1.);
#4298 = DIRECTION('',(-0.107962530009,0.994154963833));
#4299 = ( GEOMETRIC_REPRESENTATION_CONTEXT(2) 
PARAMETRIC_REPRESENTATION_CONTEXT() REPRESENTATION_CONTEXT('2D SPACE',''
  ) );
#4300 = ORIENTED_EDGE('',*,*,#4110,.T.);
#4301 = ORIENTED_EDGE('',*,*,#4302,.F.);
#4302 = EDGE_CURVE('',#4235,#4083,#4303,.T.);
#4303 = SURFACE_CURVE('',#4304,(#4308,#4315),.PCURVE_S1.);
#4304 = LINE('',#4305,#4306);
#4305 = CARTESIAN_POINT('',(-124.7394873223,808.25562015372,16.));
#4306 = VECTOR('',#4307,1.);
#4307 = DIRECTION('',(0.,0.,-1.));
#4308 = PCURVE('',#4123,#4309);
#4309 = DEFINITIONAL_REPRESENTATION('',(#4310),#4314);
#4310 = LINE('',#4311,#4312);
#4311 = CARTESIAN_POINT('',(0.,1.));
#4312 = VECTOR('',#4313,1.);
#4313 = DIRECTION('',(1.,0.));
#4314 = ( GEOMETRIC_REPRESENTATION_CONTEXT(2) 
PARAMETRIC_REPRESENTATION_CONTEXT() REPRESENTATION_CONTEXT('2D SPACE',''
  ) );
#4315 = PCURVE('',#4098,#4316);
#4316 = DEFINITIONAL_REPRESENTATION('',(#4317),#4321);
#4317 = LINE('',#4318,#4319);
#4318 = CARTESIAN_POINT('',(3.908966442983,-31.76035234923));
#4319 = VECTOR('',#4320,1.);
#4320 = DIRECTION('',(-0.122155201343,0.992511010914));
#4321 = ( GEOMETRIC_REPRESENTATION_CONTEXT(2) 
PARAMETRIC_REPRESENTATION_CONTEXT() REPRESENTATION_CONTEXT('2D SPACE',''
  ) );
#4322 = ORIENTED_EDGE('',*,*,#4234,.F.);
#4323 = ADVANCED_FACE('',(#4324),#4043,.F.);
#4324 = FACE_BOUND('',#4325,.T.);
#4325 = EDGE_LOOP('',(#4326,#4327,#4328,#4329));
#4326 = ORIENTED_EDGE('',*,*,#4021,.T.);
#4327 = ORIENTED_EDGE('',*,*,#4138,.T.);
#4328 = ORIENTED_EDGE('',*,*,#4212,.T.);
#4329 = ORIENTED_EDGE('',*,*,#4281,.T.);
#4330 = ADVANCED_FACE('',(#4331),#4098,.T.);
#4331 = FACE_BOUND('',#4332,.F.);
#4332 = EDGE_LOOP('',(#4333,#4334,#4335,#4336));
#4333 = ORIENTED_EDGE('',*,*,#4082,.T.);
#4334 = ORIENTED_EDGE('',*,*,#4187,.T.);
#4335 = ORIENTED_EDGE('',*,*,#4256,.T.);
#4336 = ORIENTED_EDGE('',*,*,#4302,.T.);
#4337 = ( GEOMETRIC_REPRESENTATION_CONTEXT(3) 
GLOBAL_UNCERTAINTY_ASSIGNED_CONTEXT((#4341)) 
GLOBAL_UNIT_ASSIGNED_CONTEXT((#4338,#4339,#4340)) REPRESENTATION_CONTEXT
('Context #1','3D Context with UNIT and UNCERTAINTY') );
#4338 = ( LENGTH_UNIT() NAMED_UNIT(*) SI_UNIT(.MILLI.,.METRE.) );
#4339 = ( NAMED_UNIT(*) PLANE_ANGLE_UNIT() SI_UNIT($,.RADIAN.) );
#4340 = ( NAMED_UNIT(*) SI_UNIT($,.STERADIAN.) SOLID_ANGLE_UNIT() );
#4341 = UNCERTAINTY_MEASURE_WITH_UNIT(LENGTH_MEASURE(1.E-07),#4338,
  'distance_accuracy_value','confusion accuracy');
#4342 = CONTEXT_DEPENDENT_SHAPE_REPRESENTATION(#4343,#4345);
#4343 = ( REPRESENTATION_RELATIONSHIP('','',#4014,#10) 
REPRESENTATION_RELATIONSHIP_WITH_TRANSFORMATION(#4344) 
SHAPE_REPRESENTATION_RELATIONSHIP() );
#4344 = ITEM_DEFINED_TRANSFORMATION('','',#11,#31);
#4345 = PRODUCT_DEFINITION_SHAPE('Placement','Placement of an item',
  #4346);
#4346 = NEXT_ASSEMBLY_USAGE_OCCURRENCE('5','bristle','',#5,#4009,$);
#4347 = PRODUCT_RELATED_PRODUCT_CATEGORY('part',$,(#4011));
#4348 = MECHANICAL_DESIGN_GEOMETRIC_PRESENTATION_REPRESENTATION('',(
    #4349),#1006);
#4349 = STYLED_ITEM('color',(#4350),#908);
#4350 = PRESENTATION_STYLE_ASSIGNMENT((#4351));
#4351 = SURFACE_STYLE_USAGE(.BOTH.,#4352);
#4352 = SURFACE_SIDE_STYLE('',(#4353));
#4353 = SURFACE_STYLE_FILL_AREA(#4354);
#4354 = FILL_AREA_STYLE('',(#4355));
#4355 = FILL_AREA_STYLE_COLOUR('',#4356);
#4356 = COLOUR_RGB('',0.950000001282,0.950000001282,0.950000001282);
#4357 = MECHANICAL_DESIGN_GEOMETRIC_PRESENTATION_REPRESENTATION('',(
    #4358),#3996);
#4358 = STYLED_ITEM('color',(#4359),#3666);
#4359 = PRESENTATION_STYLE_ASSIGNMENT((#4360));
#4360 = SURFACE_STYLE_USAGE(.BOTH.,#4361);
#4361 = SURFACE_SIDE_STYLE('',(#4362));
#4362 = SURFACE_STYLE_FILL_AREA(#4363);
#4363 = FILL_AREA_STYLE('',(#4364));
#4364 = FILL_AREA_STYLE_COLOUR('',#4365);
#4365 = COLOUR_RGB('',9.999999991362E-02,9.999999991362E-02,
  9.999999991362E-02);
#4366 = MECHANICAL_DESIGN_GEOMETRIC_PRESENTATION_REPRESENTATION('',(
    #4367),#889);
#4367 = STYLED_ITEM('color',(#4368),#49);
#4368 = PRESENTATION_STYLE_ASSIGNMENT((#4369));
#4369 = SURFACE_STYLE_USAGE(.BOTH.,#4370);
#4370 = SURFACE_SIDE_STYLE('',(#4371));
#4371 = SURFACE_STYLE_FILL_AREA(#4372);
#4372 = FILL_AREA_STYLE('',(#4373));
#4373 = FILL_AREA_STYLE_COLOUR('',#4374);
#4374 = COLOUR_RGB('',0.850000012718,0.899999998185,0.299999996101);
#4375 = MECHANICAL_DESIGN_GEOMETRIC_PRESENTATION_REPRESENTATION('',(
    #4376),#3647);
#4376 = STYLED_ITEM('color',(#4377),#1025);
#4377 = PRESENTATION_STYLE_ASSIGNMENT((#4378));
#4378 = SURFACE_STYLE_USAGE(.BOTH.,#4379);
#4379 = SURFACE_SIDE_STYLE('',(#4380));
#4380 = SURFACE_STYLE_FILL_AREA(#4381);
#4381 = FILL_AREA_STYLE('',(#4382));
#4382 = FILL_AREA_STYLE_COLOUR('',#4374);
#4383 = MECHANICAL_DESIGN_GEOMETRIC_PRESENTATION_REPRESENTATION('',(
    #4384),#4337);
#4384 = STYLED_ITEM('color',(#4385),#4015);
#4385 = PRESENTATION_STYLE_ASSIGNMENT((#4386));
#4386 = SURFACE_STYLE_USAGE(.BOTH.,#4387);
#4387 = SURFACE_SIDE_STYLE('',(#4388));
#4388 = SURFACE_STYLE_FILL_AREA(#4389);
#4389 = FILL_AREA_STYLE('',(#4390));
#4390 = FILL_AREA_STYLE_COLOUR('',#4391);
#4391 = COLOUR_RGB('',0.149999997808,0.149999997808,0.199999998682);
ENDSEC;
END-ISO-10303-21;
